subset,rule,tolerance,points,true_safe,true_unsafe,certified_safe,positive_decisions,uncertified_safe,false_safe,coverage,finite_certificates,finite_informativeness,useful_informativeness,tightness_count,ratio_q25,ratio_median,ratio_q75,ratio_p95,ratio_max,absolute_ratio_q25,absolute_ratio_median,absolute_ratio_q75,absolute_ratio_p95,absolute_ratio_max
all,singular,0.01,3600,1500,2100,559,559,941,0,0.37266666666666665,2691,0.7475,0.15527777777777776,2601,2.9844037817426523,5.942226305646944,20.05617398556051,96.53493429284293,8984.222154266452,3.430129149356009,5.293935725687314,9.189417920643116,61.89148146004959,8938.323007548852
all,singular,0.05,3600,2032,1568,1195,1195,837,0,0.5880905511811023,2691,0.7475,0.33194444444444443,2601,2.9844037817426523,5.942226305646944,20.05617398556051,96.53493429284293,8984.222154266452,3.430129149356009,5.293935725687314,9.189417920643116,61.89148146004959,8938.323007548852
all,singular,0.1,3600,2291,1309,1537,1537,754,0,0.6708860759493671,2691,0.7475,0.42694444444444446,2601,2.9844037817426523,5.942226305646944,20.05617398556051,96.53493429284293,8984.222154266452,3.430129149356009,5.293935725687314,9.189417920643116,61.89148146004959,8938.323007548852
all,singular,0.2,3600,2558,1042,2047,2047,511,0,0.8002345582486318,2691,0.7475,0.5686111111111111,2601,2.9844037817426523,5.942226305646944,20.05617398556051,96.53493429284293,8984.222154266452,3.430129149356009,5.293935725687314,9.189417920643116,61.89148146004959,8938.323007548852
all,adjoint,0.01,3600,1500,2100,587,587,913,0,0.3913333333333333,2713,0.7536111111111111,0.16305555555555556,2623,2.684547891167025,5.499571284978625,19.30758939733986,91.76956144424753,8756.004708552917,3.130362998707818,4.824824670362885,8.950714358667359,60.32668906893336,8712.402023071383
all,adjoint,0.05,3600,2032,1568,1230,1230,802,0,0.6053149606299213,2713,0.7536111111111111,0.3416666666666667,2623,2.684547891167025,5.499571284978625,19.30758939733986,91.76956144424753,8756.004708552917,3.130362998707818,4.824824670362885,8.950714358667359,60.32668906893336,8712.402023071383
all,adjoint,0.1,3600,2291,1309,1599,1599,692,0,0.6979484941073767,2713,0.7536111111111111,0.44416666666666665,2623,2.684547891167025,5.499571284978625,19.30758939733986,91.76956144424753,8756.004708552917,3.130362998707818,4.824824670362885,8.950714358667359,60.32668906893336,8712.402023071383
all,adjoint,0.2,3600,2558,1042,2078,2078,480,0,0.8123534010946052,2713,0.7536111111111111,0.5772222222222222,2623,2.684547891167025,5.499571284978625,19.30758939733986,91.76956144424753,8756.004708552917,3.130362998707818,4.824824670362885,8.950714358667359,60.32668906893336,8712.402023071383
all,weak,0.01,3600,1500,2100,1353,1371,147,18,0.902,3600,1.0,0.38083333333333336,3510,1.0041910344425213,1.112280550910553,1.8672132319743915,8.070038613067018,613.1065564625942,nan,nan,nan,nan,nan
all,weak,0.05,3600,2032,1568,1903,1951,129,48,0.9365157480314961,3600,1.0,0.5419444444444445,3510,1.0041910344425213,1.112280550910553,1.8672132319743915,8.070038613067018,613.1065564625942,nan,nan,nan,nan,nan
all,weak,0.1,3600,2291,1309,2149,2208,142,59,0.938018332605849,3600,1.0,0.6133333333333333,3510,1.0041910344425213,1.112280550910553,1.8672132319743915,8.070038613067018,613.1065564625942,nan,nan,nan,nan,nan
all,weak,0.2,3600,2558,1042,2376,2442,182,66,0.9288506645817045,3600,1.0,0.6783333333333333,3510,1.0041910344425213,1.112280550910553,1.8672132319743915,8.070038613067018,613.1065564625942,nan,nan,nan,nan,nan
positive-eta,singular,0.01,3510,1410,2100,469,469,941,0,0.3326241134751773,2601,0.7410256410256411,0.1336182336182336,2601,2.9844037817426523,5.942226305646944,20.05617398556051,96.53493429284293,8984.222154266452,3.430129149356009,5.293935725687314,9.189417920643116,61.89148146004959,8938.323007548852
positive-eta,singular,0.05,3510,1942,1568,1105,1105,837,0,0.5690010298661174,2601,0.7410256410256411,0.3148148148148148,2601,2.9844037817426523,5.942226305646944,20.05617398556051,96.53493429284293,8984.222154266452,3.430129149356009,5.293935725687314,9.189417920643116,61.89148146004959,8938.323007548852
positive-eta,singular,0.1,3510,2201,1309,1447,1447,754,0,0.6574284416174466,2601,0.7410256410256411,0.41225071225071225,2601,2.9844037817426523,5.942226305646944,20.05617398556051,96.53493429284293,8984.222154266452,3.430129149356009,5.293935725687314,9.189417920643116,61.89148146004959,8938.323007548852
positive-eta,singular,0.2,3510,2468,1042,1957,1957,511,0,0.7929497568881686,2601,0.7410256410256411,0.5575498575498575,2601,2.9844037817426523,5.942226305646944,20.05617398556051,96.53493429284293,8984.222154266452,3.430129149356009,5.293935725687314,9.189417920643116,61.89148146004959,8938.323007548852
positive-eta,adjoint,0.01,3510,1410,2100,497,497,913,0,0.3524822695035461,2623,0.7472934472934473,0.1415954415954416,2623,2.684547891167025,5.499571284978625,19.30758939733986,91.76956144424753,8756.004708552917,3.130362998707818,4.824824670362885,8.950714358667359,60.32668906893336,8712.402023071383
positive-eta,adjoint,0.05,3510,1942,1568,1140,1140,802,0,0.5870236869207003,2623,0.7472934472934473,0.3247863247863248,2623,2.684547891167025,5.499571284978625,19.30758939733986,91.76956144424753,8756.004708552917,3.130362998707818,4.824824670362885,8.950714358667359,60.32668906893336,8712.402023071383
positive-eta,adjoint,0.1,3510,2201,1309,1509,1509,692,0,0.6855974557019536,2623,0.7472934472934473,0.42991452991452994,2623,2.684547891167025,5.499571284978625,19.30758939733986,91.76956144424753,8756.004708552917,3.130362998707818,4.824824670362885,8.950714358667359,60.32668906893336,8712.402023071383
positive-eta,adjoint,0.2,3510,2468,1042,1988,1988,480,0,0.8055105348460292,2623,0.7472934472934473,0.5663817663817664,2623,2.684547891167025,5.499571284978625,19.30758939733986,91.76956144424753,8756.004708552917,3.130362998707818,4.824824670362885,8.950714358667359,60.32668906893336,8712.402023071383
positive-eta,weak,0.01,3510,1410,2100,1263,1281,147,18,0.8957446808510638,3510,1.0,0.36495726495726494,3510,1.0041910344425213,1.112280550910553,1.8672132319743915,8.070038613067018,613.1065564625942,nan,nan,nan,nan,nan
positive-eta,weak,0.05,3510,1942,1568,1813,1861,129,48,0.9335736354273945,3510,1.0,0.5301994301994302,3510,1.0041910344425213,1.112280550910553,1.8672132319743915,8.070038613067018,613.1065564625942,nan,nan,nan,nan,nan
positive-eta,weak,0.1,3510,2201,1309,2059,2118,142,59,0.9354838709677419,3510,1.0,0.6034188034188034,3510,1.0041910344425213,1.112280550910553,1.8672132319743915,8.070038613067018,613.1065564625942,nan,nan,nan,nan,nan
positive-eta,weak,0.2,3510,2468,1042,2286,2352,182,66,0.9262560777957861,3510,1.0,0.67008547008547,3510,1.0041910344425213,1.112280550910553,1.8672132319743915,8.070038613067018,613.1065564625942,nan,nan,nan,nan,nan
