label,eta,delta_P,xi,m_P,H_A,H_P,H_full,H0,DIRECT_PASSIVE,ACTIVE_COUPLING,PASSIVE_COUPLING,DeltaH,relative_omission,H_P_over_m,N_plus,N_minus,valley_polarization,polarization_prediction,decomposition_residual,polarization_residual,valid,minimum_driven_eigenvalue,solve_residual
weak,0,0.4,0.1,0,-5.7856412486264555,0.0,-5.7856412486264555,-5.7856412486264555,0.0,0.0,0.0,0.0,0.0,nan,19.16976199132142,-19.16976199132142,38.33952398264284,0.0,0.0,0.0,True,2.021249821638017e-06,9.823209837314933e-16
weak,0.001,0.4,0.1,0,-5.785610382189561,0.0,-5.785610382189561,-5.7856412486264555,0.0,3.086643689442781e-05,0.0,3.086643689442781e-05,5.335035520097781e-06,nan,20.544934308647424,-20.544934308647424,41.08986861729485,0.0,0.0,0.0,True,3.068542882905898e-06,1.392854974168526e-15
weak,0,0.4,0.1,0.0001,-5.7856412486264555,-0.029952745655988326,-5.815593994282444,-5.7856412486264555,-0.029952745655988326,0.0,0.0,-0.029952745655988267,0.005150418974473816,-299.52745655988326,19.169757219832544,-19.169757219832544,38.33951443966509,-0.029952745655988343,5.898059818321144e-17,1.734723475976807e-17,True,2.0212496943889e-06,9.59665775458027e-16
weak,0.001,0.4,0.1,0.0001,-5.7856103575166085,-0.032101075533371784,-5.81771143304998,-5.7856412486264555,-0.029952745655988326,3.089110984699772e-05,-0.0021483298773834585,-0.032070184423524495,0.005512508620028177,-321.01075533371784,20.54468834135796,-20.54468834135796,41.08937668271592,-0.03210107553337181,2.914335439641036e-16,2.7755575615628914e-17,True,3.068667148043141e-06,1.3321453442427505e-15
weak,0,0.4,0.1,0.0003,-5.7856412486264555,-0.08985805803740549,-5.875499306663861,-5.7856412486264555,-0.08985805803740549,0.0,0.0,-0.08985805803740554,0.015293688816453526,-299.52686012468496,19.16971904797986,-19.16971904797986,38.33943809595972,-0.08985805803740557,5.551115123125783e-17,8.326672684688674e-17,True,2.021248676395278e-06,9.504820110444247e-16
weak,0.001,0.4,0.1,0.0003,-5.785610306002166,-0.09630078957473953,-5.881911095576905,-5.7856412486264555,-0.08985805803740549,3.094262428948724e-05,-0.0064427315373340455,-0.09626984695044971,0.016367103376119192,-321.0026319157985,20.544168442611117,-20.544168442611117,41.08833688522223,-0.09630078957473957,3.3306690738754696e-16,4.163336342344337e-17,True,3.068914913360518e-06,1.4171458370101177e-15
weak,0,0.4,0.1,0.001,-5.7856412486264555,-0.2995200757997387,-6.085161324426194,-5.7856412486264555,-0.2995200757997387,0.0,0.0,-0.2995200757997383,0.04922138622643366,-299.5200757997387,19.169284851183292,-19.169284851183292,38.338569702366584,-0.2995200757997389,4.440892098500626e-16,1.6653345369377348e-16,True,2.021237096716987e-06,1.0237930096552943e-15
weak,0.001,0.4,0.1,0.001,-5.785610102893726,-0.3209696131992924,-6.106579716093018,-5.7856412486264555,-0.2995200757997387,3.1145732729775943e-05,-0.021449537399553686,-0.3209384674665623,0.052556174223153895,-320.9696131992924,20.542055244754746,-20.542055244754746,41.08411048950949,-0.32096961319929285,3.3306690738754696e-16,4.440892098500626e-16,True,3.069774059970276e-06,1.341058231490402e-15
weak,0,0.4,0.1,0.003,-5.7856412486264555,-0.8983813298326564,-6.684022578459112,-5.7856412486264555,-0.8983813298326564,0.0,0.0,-0.8983813298326568,0.13440728532663984,-299.46044327755214,19.165468369763346,-19.165468369763346,38.33093673952669,-0.8983813298326566,4.440892098500626e-16,2.220446049250313e-16,True,2.021135297383126e-06,9.93024164351441e-16
weak,0.001,0.4,0.1,0.003,-5.785609326174842,-0.9625079795390135,-6.748117305713855,-5.7856412486264555,-0.8983813298326564,3.1922451613652925e-05,-0.06412664970635706,-0.9624760570873994,0.14262882719487388,-320.83599317967116,20.53350356349897,-20.53350356349897,41.06700712699794,-0.962507979539014,4.440892098500626e-16,5.551115123125783e-16,True,3.072159918914713e-06,1.3652802043568215e-15
weak,0,0.4,0.1,0.01,-5.7856412486264555,-2.987833716292421,-8.773474964918876,-5.7856412486264555,-2.987833716292421,0.0,0.0,-2.9878337162924202,0.3405530565983723,-298.7833716292421,19.122135784271517,-19.122135784271517,38.244271568543034,-2.9878337162924242,8.881784197001252e-16,3.1086244689504383e-15,True,2.019977334478199e-06,9.811299234639135e-16
weak,0.001,0.4,0.1,0.01,-5.78560428503669,-3.1991220428907328,-8.984726327927422,-5.7856412486264555,-2.987833716292421,3.696358976501557e-05,-0.21128832659831165,-3.199085079300967,0.3560581549776514,-319.91220428907326,20.474381074500705,-20.474381074500705,40.94876214900141,-3.1991220428907345,8.881784197001252e-16,1.7763568394002505e-15,True,3.079707237427492e-06,1.3052768568564518e-15
weak,0,0.4,0.1,0.03,-5.7856412486264555,-8.787847006360774,-14.573488254987229,-5.7856412486264555,-8.787847006360774,0.0,0.0,-8.787847006360774,0.6030023047744567,-292.92823354535915,18.747406946903013,-18.747406946903013,37.494813893806025,-8.787847006360785,0.0,1.0658141036401503e-14,True,2.0097977990822075e-06,9.794270245791853e-16
weak,0.001,0.4,0.1,0.03,-5.785569524906194,-9.404395747930993,-15.189965272837187,-5.7856412486264555,-8.787847006360774,7.172372026165164e-05,-0.6165487415702184,-9.40432402421073,0.6191142543971193,-313.47985826436644,20.06271092891947,-20.06271092891947,40.12542185783894,-9.404395747931,8.881784197001252e-16,7.105427357601002e-15,True,3.0943870192282237e-06,1.4668041116820123e-15
weak,0,0.4,0.1,0.1,-5.7856412486264555,-23.667823029661452,-29.453464278287907,-5.7856412486264555,-23.667823029661452,0.0,0.0,-23.667823029661452,0.803566697826733,-236.67823029661452,15.14740673898334,-15.14740673898334,30.29481347796668,-23.667823029661466,0.0,1.4210854715202004e-14,True,1.894052284028925e-06,9.42511194995654e-16
weak,0.001,0.4,0.1,0.1,-5.785234702973927,-25.73165290936462,-31.516887612338547,-5.7856412486264555,-23.667823029661452,0.0004065456525284006,-2.0638298797031673,-25.731246363712092,0.8164272652874063,-257.3165290936462,16.468257861993383,-16.468257861993383,32.936515723986766,-25.731652909364655,8.881784197001252e-16,3.552713678800501e-14,True,3.06549895572961e-06,1.388507794254375e-15
scalar,0,1.2,0,0,-2.6112110981542735,0.0,-2.6112110981542735,-2.6112110981542735,0.0,0.0,0.0,0.0,0.0,nan,2.220446049250313e-15,-2.220446049250313e-15,4.440892098500626e-15,0.0,0.0,0.0,True,0.0009549296585513712,9.431029910649553e-16
scalar,10,1.2,0,0,-0.351228297386809,0.0,-0.351228297386809,-2.6112110981542735,0.0,2.2599828007674647,0.0,2.2599828007674647,6.434512303200154,nan,1.5265566588595902e-16,-1.5265566588595902e-16,3.0531133177191805e-16,0.0,0.0,0.0,True,0.014598045002893802,1.6646966714432974e-15
scalar,0,1.2,0,0.0001,-2.6112110981542735,-1.5534874645230653e-19,-2.6112110981542735,-2.6112110981542735,-1.5534874645230653e-19,0.0,0.0,0.0,0.0,-1.5534874645230651e-15,-8.881784197001252e-16,8.881784197001252e-16,-1.7763568394002505e-15,5.1399214103016514e-20,1.5534874645230653e-19,2.0674796055532303e-19,True,0.000954929665182827,9.347002421394327e-16
scalar,10,1.2,0,0.0001,-0.35122829732813765,2.0851956916468266e-10,-0.35122829711961806,-2.6112110981542735,-1.5534874645230653e-19,2.259982800826136,2.0851956932003142e-10,2.2599828010346554,6.434512308855831,2.0851956916468266e-06,-3.603218155207033e-06,3.603218155207033e-06,-7.206436310414066e-06,2.0851956916707373e-10,1.4537019361930034e-16,2.3910689581610956e-21,True,0.014598045034742888,1.5478470328418253e-15
scalar,0,1.2,0,0.0003,-2.6112110981542735,1.6724178755827908e-18,-2.6112110981542735,-2.6112110981542735,1.6724178755827908e-18,0.0,0.0,0.0,0.0,5.574726251942637e-15,-1.0880185641326534e-14,1.0880185641326534e-14,-2.1760371282653068e-14,1.888921118285857e-18,1.6724178755827908e-18,2.1650324270306601e-19,True,0.0009549297182344768,9.464045583558416e-16
scalar,10,1.2,0,0.0003,-0.351228296858769,1.8766753868069126e-09,-0.3512282949820936,-2.6112110981542735,1.6724178755827908e-18,2.2599828012955046,1.876675385134495e-09,2.25998280317218,6.4345123541011935,6.2555846226897095e-06,-1.0809650227955325e-05,1.0809650227955325e-05,-2.161930045591065e-05,1.8766753867977995e-09,1.2549674474515135e-16,9.113048808496706e-21,True,0.01459804528953551,1.5843018100645412e-15
scalar,0,1.2,0,0.001,-2.6112110981542735,2.6854817175636644e-18,-2.6112110981542735,-2.6112110981542735,2.6854817175636644e-18,0.0,0.0,0.0,0.0,2.6854817175636643e-15,-3.552713678800501e-15,3.552713678800501e-15,-7.105427357601002e-15,2.0559685641206605e-18,2.6854817175636644e-18,6.295131534430039e-19,True,0.000954930321696969,9.756826285704951e-16
scalar,10,1.2,0,0.001,-0.35122829151971785,2.085185572833982e-08,-0.3512282706678621,-2.6112110981542735,2.6854817175636644e-18,2.2599828066345555,2.0851855725654337e-08,2.2599828274864113,6.434512868764932,2.085185572833982e-05,-3.603200669824447e-05,3.603200669824447e-05,-7.206401339648894e-05,2.0851855728150735e-08,7.193352196557526e-17,1.890835618622715e-19,True,0.01459804818780185,1.5555633346648682e-15
scalar,0,1.2,0,0.003,-2.6112110981542735,-8.043541287658841e-18,-2.6112110981542735,-2.6112110981542735,-8.043541287658841e-18,0.0,0.0,0.0,0.0,-2.6811804292196137e-15,4.218847493575595e-15,-4.218847493575595e-15,8.43769498715119e-15,-7.324388009679854e-18,8.043541287658841e-18,7.191532779789874e-19,True,0.0009549356268617384,1.0439842426006479e-15
scalar,10,1.2,0,0.003,-0.35122824458436586,1.8765934215686017e-07,-0.3512280569250237,-2.6112110981542735,-8.043541287658841e-18,2.2599828535699076,1.876593421649037e-07,2.25998304122925,6.434517393101332,6.255311405228672e-05,-0.00010809178108250883,0.00010809178108250883,-0.00021618356216501766,1.8765934215713342e-07,1.2291218335246307e-16,2.7324753482831695e-19,True,0.01459807366707692,1.4467779730550062e-15
scalar,0,1.2,0,0.01,-2.6112110981542735,-8.103226922040367e-17,-2.6112110981542735,-2.6112110981542735,-8.103226922040367e-17,0.0,0.0,0.0,0.0,-8.103226922040366e-15,1.3100631690576847e-14,-1.3100631690576847e-14,2.6201263381153694e-14,-7.581384080194936e-17,8.103226922040367e-17,5.21842841845431e-18,True,0.0009549959731109929,9.80366188715057e-16
scalar,10,1.2,0,0.01,-0.35122771086682053,2.0841736508188143e-06,-0.3512256266931697,-2.6112110981542735,-8.103226922040367e-17,2.259983387287453,2.0841736508998465e-06,2.259985471461104,6.434568834680803,0.0002084173650818814,-0.0003601452068615618,0.0003601452068615618,-0.0007202904137231236,2.084173650819224e-06,9.593325754012755e-17,4.095404299974542e-19,True,0.014598363495202145,1.555429633508827e-15
scalar,0,1.2,0,0.03,-2.6112110981542735,-1.0310710798999361e-16,-2.6112110981542735,-2.6112110981542735,-1.0310710798999361e-16,0.0,0.0,0.0,0.0,-3.436903599666454e-15,7.327471962526033e-15,-7.327471962526033e-15,1.4654943925052066e-14,-1.2721305490496587e-16,1.0310710798999361e-16,2.410594691497226e-17,True,0.0009555264895879668,1.0079789510877677e-15
scalar,10,1.2,0,0.03,-0.35122303246044884,1.868396493141332e-05,-0.3512043484955174,-2.6112110981542735,-1.0310710798999361e-16,2.2599880656938245,1.8683964931516428e-05,2.260006749658756,6.435019268241212,0.0006227988310471107,-0.0010761963800490493,0.0010761963800490493,-0.0021523927600980985,1.8683964931407106e-05,1.3749038799831803e-16,6.213833701057547e-18,True,0.014600911543037411,1.4553626067938549e-15
scalar,0,1.2,0,0.1,-2.6112110981542735,6.894244100176904e-17,-2.6112110981542735,-2.6112110981542735,6.894244100176904e-17,0.0,0.0,0.0,0.0,6.894244100176904e-16,2.220446049250313e-15,-2.220446049250313e-15,4.440892098500626e-15,-1.284980352575413e-16,6.894244100176904e-17,1.9744047625931033e-16,True,0.0009615611145135348,9.239405591900734e-16
scalar,10,1.2,0,0.1,-0.35117153738228807,0.00019829260668428203,-0.35097324477560377,-2.6112110981542735,6.894244100176904e-17,2.2600395607719856,0.00019829260668421307,2.26023785337867,6.4399149707943195,0.00198292606684282,-0.0034264962435041485,0.0034264962435041485,-0.006852992487008297,0.0001982926066842679,1.451475658414969e-16,1.4121733296623695e-17,True,0.014629908981262223,1.5117244750111589e-15
shape,0,0.4,0,0,-2.6112110981542735,0.0,-2.6112110981542735,-2.6112110981542735,0.0,0.0,0.0,0.0,0.0,nan,7.993605777301127e-15,-7.993605777301127e-15,1.5987211554602254e-14,0.0,0.0,0.0,True,0.0003183098861837903,9.191353096264618e-16
shape,0.3727593720314942,0.4,0,0,-2.373631586976218,0.0,-2.373631586976218,-2.6112110981542735,0.0,0.23757951117805565,0.0,0.23757951117805565,0.10009114829850636,nan,-1.4988010832439613e-15,1.4988010832439613e-15,-2.9976021664879227e-15,-0.0,0.0,0.0,True,0.0013587381737016286,1.6631324524192286e-15
shape,0,0.4,0,0.0001,-2.6112110981542735,1.7953921731282698e-17,-2.6112110981542735,-2.6112110981542735,1.7953921731282698e-17,0.0,0.0,0.0,0.0,1.7953921731282696e-13,-6.217248937900877e-15,6.217248937900877e-15,-1.2434497875801753e-14,9.714451465470118e-18,1.7953921731282698e-17,8.23947026581258e-18,True,0.00031830990607815854,9.364834544442484e-16
shape,0.3727593720314942,0.4,0,0.0001,-2.3736315923826883,3.3016878681681195e-08,-2.3736315593658097,-2.6112110981542735,1.7953921731282698e-17,0.23757950577158526,3.301687866372727e-08,0.23757953878846383,0.10009116109491764,0.00033016878681681194,-2.1130802355551204e-05,2.1130802355551204e-05,-4.226160471110241e-05,3.3016878680548745e-08,1.26987093425581e-16,1.1324499632544974e-18,True,0.0013587381955572093,1.3363239205784522e-15
shape,0,0.4,0,0.0003,-2.6112110981542735,-4.134233910231295e-17,-2.6112110981542735,-2.6112110981542735,-4.134233910231295e-17,0.0,0.0,0.0,0.0,-1.3780779700770984e-13,1.021405182655144e-14,-1.021405182655144e-14,2.042810365310288e-14,-4.787836793695986e-17,4.134233910231295e-17,6.536028834646911e-18,True,0.00031831006523310156,9.508152964758562e-16
shape,0.3727593720314942,0.4,0,0.0003,-2.3736316356344225,2.9715166097894596e-07,-2.3736313384827614,-2.6112110981542735,-4.134233910231295e-17,0.23757946251985107,2.971516610202883e-07,0.23757975967151213,0.1000912634661179,0.0009905055365964867,-6.339235434266177e-05,6.339235434266177e-05,-0.00012678470868532354,2.9715166098122697e-07,6.250679634263109e-17,2.2810067873966274e-18,True,0.0013587383704018333,1.3373502321742522e-15
shape,0,0.4,0,0.001,-2.6112110981542735,-3.9028814706959714e-17,-2.6112110981542735,-2.6112110981542735,-3.9028814706959714e-17,0.0,0.0,0.0,0.0,-3.902881470695971e-14,5.773159728050814e-15,-5.773159728050814e-15,1.1546319456101628e-14,-9.020562075079396e-17,3.9028814706959714e-17,5.117680604383424e-17,True,0.00031831187562057924,9.519957180197738e-16
shape,0.3727593720314942,0.4,0,0.001,-2.373632127622351,3.3016538921515894e-06,-2.373628825968459,-2.6112110981542735,-3.9028814706959714e-17,0.23757897053192245,3.301653892190618e-06,0.2375822721858145,0.10009242792578536,0.0033016538921515895,-0.0002113058490975095,0.0002113058490975095,-0.000422611698195019,3.301653892148585e-06,1.0014555238682318e-16,3.0044258639110033e-18,True,0.0013587403592597602,1.3119527398860337e-15
shape,0,0.4,0,0.003,-2.6112110981542735,-2.7827459732976347e-16,-2.611211098154274,-2.6112110981542735,-2.7827459732976347e-16,0.0,0.0,-4.440892098500626e-16,1.700702061828573e-16,-9.275819910992116e-14,5.773159728050814e-15,-5.773159728050814e-15,1.1546319456101628e-14,-2.7061686225238186e-16,1.6581461252029915e-16,7.657735077381608e-18,True,0.00031832779111488826,9.670134733260132e-16
shape,0.3727593720314942,0.4,0,0.003,-2.3736364527469513,2.971241407905078e-05,-2.3736067403328724,-2.6112110981542735,-2.7827459732976347e-16,0.2375746454073222,2.9712414079329056e-05,0.2376043578214011,0.1001026639265777,0.00990413802635026,-0.0006338648336866037,0.0006338648336866037,-0.0012677296673732075,2.9712414079059543e-05,1.541464438731266e-16,8.761708806398483e-18,True,0.0013587578437524422,1.3736458420352246e-15
shape,0,0.4,0,0.01,-2.6112110981542735,-1.6315766864493298e-15,-2.6112110981542753,-2.6112110981542735,-1.6315766864493298e-15,0.0,0.0,-1.7763568394002505e-15,6.802808247314289e-16,-1.6315766864493297e-13,1.1324274851176597e-14,-1.1324274851176597e-14,2.2648549702353193e-14,-1.7694179454963428e-15,1.4478015295092071e-16,1.378412590470131e-16,True,0.00031850882986265576,9.23254073122636e-16
shape,0.3727593720314942,0.4,0,0.01,-2.3736856454777513,0.00032982561700769576,-2.3733558198607434,-2.6112110981542735,-1.6315766864493298e-15,0.23752545267652225,0.0003298256170093273,0.23785527829353015,0.10021897108857715,0.032982561700769575,-0.002110883948849618,0.002110883948849618,-0.004221767897699236,0.00032982561700775273,2.0529368136013026e-16,5.697482416411326e-17,True,0.0013589567333114135,1.350282268517795e-15
shape,0,0.4,0,0.03,-2.6112110981542735,3.0701270442193785e-15,-2.6112110981542704,-2.6112110981542735,3.0701270442193785e-15,0.0,0.0,3.1086244689504383e-15,1.1904914432800027e-15,1.0233756814064595e-13,-6.439293542825908e-15,6.439293542825908e-15,-1.2878587085651816e-14,3.0184188481996436e-15,3.849742473105977e-17,5.170819601973499e-17,True,0.0003201003792935747,9.155726014567823e-16
shape,0.3727593720314942,0.4,0,0.03,-2.3741176699283555,0.002943707870327989,-2.3711739620580277,-2.6112110981542735,3.0701270442193785e-15,0.23709342822591806,0.002943707870324919,0.24003713609624588,0.10123134782059978,0.09812359567759964,-0.006279910123368149,0.006279910123368149,-0.012559820246736297,0.002943707870328819,1.726049858596923e-16,8.29631502385908e-16,True,0.0013607054852800451,1.2382145083179884e-15
shape,0,0.4,0,0.1,-2.6112110981542735,-1.4105952294147517e-15,-2.611211098154275,-2.6112110981542735,-1.4105952294147517e-15,0.0,0.0,-1.3322676295501878e-15,5.102106185485717e-16,-1.4105952294147517e-14,2.220446049250313e-16,-2.220446049250313e-16,4.440892098500626e-16,-3.4694469519536137e-16,7.83275998645639e-17,1.0636505342193903e-15,True,0.0003382042540702773,9.176329670283856e-16
shape,0.3727593720314942,0.4,0,0.1,-2.3789777269946426,0.02956522514928575,-2.349412501845357,-2.6112110981542735,-1.4105952294147517e-15,0.23223337115963094,0.029565225149287163,0.26179859630891666,0.11143151579524062,0.2956522514928575,-0.01892174409554337,0.01892174409554337,-0.03784348819108674,0.029565225149286507,5.204170427930421e-17,7.563394355258879e-16,True,0.001380629947736312,1.351602107818288e-15
matched,0,1.2,0.05,0,-3.3601720237550685,0.0,-3.3601720237550685,-3.3601720237550685,0.0,0.0,0.0,0.0,0.0,nan,11.672122682844524,-11.672122682844524,23.344245365689048,0.0,0.0,0.0,True,0.0004493997004278393,9.772537004715603e-16
matched,1,1.2,0.05,0,-2.2764241130040874,0.0,-2.2764241130040874,-3.3601720237550685,0.0,1.083747910750981,0.0,1.083747910750981,0.4760746930064851,nan,4.040810524400928,-4.040810524400928,8.081621048801855,0.0,0.0,0.0,True,0.002056558788017851,1.4399049508101608e-15
matched,0,1.2,0.05,0.0001,-3.3601720237550685,-0.0006754700475528484,-3.360847493802621,-3.3601720237550685,-0.0006754700475528484,0.0,0.0,-0.0006754700475526398,0.00020098205848322536,-6.754700475528484,11.672122421713222,-11.672122421713222,23.344244843426445,-0.0006754700475528485,2.0860049798621105e-16,1.0842021724855044e-19,True,0.00044939969767917795,1.0322012990874446e-15
matched,1,1.2,0.05,0.0001,-2.276392243850525,-0.00023383527576503345,-2.2766260791262902,-3.3601720237550685,-0.0006754700475528484,1.0837797799045434,0.00044163477178781497,1.0835459446287783,0.4759437461265554,-2.3383527576503345,4.04067356521978,-4.04067356521978,8.08134713043956,-0.0002338352757650336,1.0158974356189177e-16,1.6263032587282567e-19,True,0.002056519969096601,1.3710106529113922e-15
matched,0,1.2,0.05,0.0003,-3.3601720237550685,-0.002026409779976308,-3.362198433535045,-3.3601720237550685,-0.002026409779976308,0.0,0.0,-0.002026409779976479,0.0006027038022993468,-6.754699266587695,11.672120332663535,-11.672120332663535,23.34424066532707,-0.002026409779976308,1.708702623837155e-16,0.0,True,0.00044939967568986453,1.0265708976555944e-15
matched,1,1.2,0.05,0.0003,-2.2763285055297966,-0.000701458242478664,-2.277029963772275,-3.3601720237550685,-0.002026409779976308,1.083843518225272,0.0013249515374976443,1.0831420599827934,0.47568195290166065,-2.338194141595547,4.040399476677106,-4.040399476677106,8.080798953354211,-0.0007014582424786642,1.4289784633358948e-16,2.168404344971009e-19,True,0.002056442201800971,1.3694138786648018e-15
matched,0,1.2,0.05,0.001,-3.3601720237550685,-0.00675468551490702,-3.3669267092699755,-3.3601720237550685,-0.00675468551490702,0.0,0.0,-0.006754685514906988,0.0020061872734888114,-6.7546855149070195,11.672096569759336,-11.672096569759336,23.344193139518673,-0.006754685514907025,3.122502256758253e-17,5.204170427930421e-18,True,0.0004493994255611337,1.0324165021244588e-15
matched,1,1.2,0.05,0.001,-2.2761054213394765,-0.002337637952055302,-2.278443059291532,-3.3601720237550685,-0.00675468551490702,1.084066602415592,0.004417047562851718,1.0817289644635366,0.4747667316294021,-2.3376379520553017,4.039438381151562,-4.039438381151562,8.078876762303125,-0.0023376379520553027,1.6740081543176188e-16,8.673617379884035e-19,True,0.0020561686888894205,1.3996488978475092e-15
matched,0,1.2,0.05,0.003,-3.3601720237550685,-0.020263693868003904,-3.3804357176230724,-3.3601720237550685,-0.020263693868003904,0.0,0.0,-0.020263693868003863,0.005994402958874226,-6.754564622667968,11.67188766797025,-11.67188766797025,23.3437753359405,-0.020263693868003908,4.163336342344337e-17,3.469446951953614e-18,True,0.00044939722660306165,1.0434714374442294e-15
matched,1,1.2,0.05,0.003,-2.2754680392269044,-0.0070081200002414185,-2.2824761592271456,-3.3601720237550685,-0.020263693868003904,1.084703984528164,0.013255573867762487,1.0776958645279229,0.4721608417118514,-2.3360400000804726,4.036677120139058,-4.036677120139058,8.073354240278116,-0.007008120000241421,1.734723475976807e-16,2.6020852139652106e-18,True,0.0020553765863444103,1.4348324340752324e-15
matched,0,1.2,0.05,0.01,-3.3601720237550685,-0.0675318968284591,-3.427703920583528,-3.3601720237550685,-0.0675318968284591,0.0,0.0,-0.06753189682845928,0.019701788250416546,-6.75318968284591,11.669511771957733,-11.669511771957733,23.339023543915467,-0.06753189682845911,1.8041124150158794e-16,1.3877787807814457e-17,True,0.0004493722104039415,1.0012262199418341e-15
matched,1,1.2,0.05,0.01,-2.2732372901212985,-0.02330344763077457,-2.296540737752073,-3.3601720237550685,-0.0675318968284591,1.08693473363377,0.04422844919768453,1.0636312860029955,0.4631449677849441,-2.330344763077457,4.026835750597845,-4.026835750597845,8.05367150119569,-0.02330344763077457,6.938893903907228e-18,0.0,True,0.002052503436497504,1.3656379545156041e-15
matched,0,1.2,0.05,0.03,-3.3601720237550685,-0.202233565339196,-3.5624055890942645,-3.3601720237550685,-0.202233565339196,0.0,0.0,-0.202233565339196,0.056768821034388045,-6.7411188446398675,11.648653363537692,-11.648653363537692,23.297306727075384,-0.20223356533919606,0.0,5.551115123125783e-17,True,0.0004491520480949437,9.941465450238966e-16
matched,1,1.2,0.05,0.03,-2.266866378888416,-0.06939640617169615,-2.336262785060112,-3.3601720237550685,-0.202233565339196,1.0933056448666525,0.13283715916749986,1.0239092386949564,0.4382680087371298,-2.3132135390565383,3.9972329954897,-3.9972329954897,7.9944659909794,-0.06939640617169618,8.326672684688674e-17,2.7755575615628914e-17,True,0.002043769138543556,1.4831254065353013e-15
matched,0,1.2,0.05,0.1,-3.3601720237550685,-0.6605872533151094,-4.020759277070178,-3.3601720237550685,-0.6605872533151094,0.0,0.0,-0.6605872533151098,0.1642941563506041,-6.605872533151094,11.414947737285086,-11.414947737285086,22.829895474570172,-0.6605872533151093,4.440892098500626e-16,1.1102230246251565e-16,True,0.0004466196582741121,1.0342736790041882e-15
matched,1,1.2,0.05,0.1,-2.2446761697683364,-0.2243991716681095,-2.469075341436446,-3.3601720237550685,-0.6605872533151094,1.1154958539867321,0.43618808164699985,0.8910966823186226,0.3609029936689599,-2.2439917166810948,3.8776176864249337,-3.8776176864249337,7.755235372849867,-0.22439917166810963,0.0,1.3877787807814457e-16,True,0.0020106249049106034,1.4646153097330057e-15
