subset,tolerance,category,numerator,denominator,percentage,safe_denominator,percentage_of_safe
positive_eta,0.01,SAFE,1410,3510,40.17094017094017,1410,100.0
positive_eta,0.01,ROBUSTLY_SAFE,839,3510,23.903133903133902,1410,59.50354609929078
positive_eta,0.01,CANCELLATION_DEPENDENT_SAFE,571,3510,16.267806267806268,1410,40.49645390070922
positive_eta,0.01,UNSAFE,2100,3510,59.82905982905983,1410,nan
positive_eta,0.01,UNDEFINED,0,3510,0.0,1410,nan
positive_eta,0.05,SAFE,1942,3510,55.32763532763533,1942,100.0
positive_eta,0.05,ROBUSTLY_SAFE,1565,3510,44.58689458689459,1942,80.5870236869207
positive_eta,0.05,CANCELLATION_DEPENDENT_SAFE,377,3510,10.74074074074074,1942,19.412976313079298
positive_eta,0.05,UNSAFE,1568,3510,44.67236467236467,1942,nan
positive_eta,0.05,UNDEFINED,0,3510,0.0,1942,nan
positive_eta,0.1,SAFE,2201,3510,62.706552706552706,2201,100.0
positive_eta,0.1,ROBUSTLY_SAFE,2065,3510,58.831908831908834,2201,93.82099045888232
positive_eta,0.1,CANCELLATION_DEPENDENT_SAFE,136,3510,3.8746438746438745,2201,6.179009541117674
positive_eta,0.1,UNSAFE,1309,3510,37.293447293447294,2201,nan
positive_eta,0.1,UNDEFINED,0,3510,0.0,2201,nan
all,0.01,SAFE,1500,3600,41.666666666666664,1500,100.0
all,0.01,ROBUSTLY_SAFE,929,3600,25.805555555555557,1500,61.93333333333333
all,0.01,CANCELLATION_DEPENDENT_SAFE,571,3600,15.86111111111111,1500,38.06666666666667
all,0.01,UNSAFE,2100,3600,58.333333333333336,1500,nan
all,0.01,UNDEFINED,0,3600,0.0,1500,nan
all,0.05,SAFE,2032,3600,56.44444444444444,2032,100.0
all,0.05,ROBUSTLY_SAFE,1655,3600,45.97222222222222,2032,81.44685039370079
all,0.05,CANCELLATION_DEPENDENT_SAFE,377,3600,10.472222222222221,2032,18.55314960629921
all,0.05,UNSAFE,1568,3600,43.55555555555556,2032,nan
all,0.05,UNDEFINED,0,3600,0.0,2032,nan
all,0.1,SAFE,2291,3600,63.638888888888886,2291,100.0
all,0.1,ROBUSTLY_SAFE,2155,3600,59.861111111111114,2291,94.06372762985596
all,0.1,CANCELLATION_DEPENDENT_SAFE,136,3600,3.7777777777777777,2291,5.936272370144042
all,0.1,UNSAFE,1309,3600,36.361111111111114,2291,nan
all,0.1,UNDEFINED,0,3600,0.0,2291,nan
