family,observable,metric,n_from,n_to,rows,maximum_error,threshold,passed
principal_map_convergence,H,relative,128,256,3600,3.825988044666333e-15,0.01,True
principal_map_convergence,H0,relative,128,256,3600,7.929758477432644e-16,0.01,True
principal_map_convergence,Delta_H_scalar,absolute,128,256,90,0.0,1e-10,True
principal_map_convergence,Delta_H_shape,absolute,128,256,90,0.0,1e-10,True
principal_map_convergence,sigma_xx,relative,128,256,3600,1.059201318448399e-15,0.01,True
principal_map_convergence,sigma_yy,relative,128,256,3600,1.0636100679880976e-15,0.01,True
principal_map_convergence,fixed_E_signal,relative,128,256,3600,3.648694670882457e-15,0.01,True
principal_map_convergence,fixed_j_signal,relative,128,256,3600,3.824881339638915e-15,0.01,True
principal_map_convergence,bound_singular_abs,absolute,128,256,90,0.0,1e-10,True
principal_map_convergence,bound_adjoint_abs,absolute,128,256,90,0.0,1e-10,True
principal_map_convergence,Delta_H_scalar,relative,128,256,3510,5.736246021056566e-12,0.01,True
principal_map_convergence,Delta_H_shape,relative,128,256,3510,1.1761049359237293e-10,0.01,True
principal_map_convergence,bound_singular_abs,relative,128,256,3510,4.319511618058774e-14,0.01,True
principal_map_convergence,bound_adjoint_abs,relative,128,256,3510,4.116315281507892e-14,0.01,True
robustness_convergence,H,relative,128,256,105,1.3718065551958803e-12,0.01,True
robustness_convergence,H0,relative,128,256,105,7.929758477432644e-16,0.01,True
robustness_convergence,Delta_H_scalar,relative,128,256,84,1.0743604363538344e-11,0.01,True
robustness_convergence,Delta_H_shape,relative,128,256,84,3.661193364660465e-12,0.01,True
robustness_convergence,sigma_xx,relative,128,256,105,6.396570807521514e-16,0.01,True
robustness_convergence,sigma_yy,relative,128,256,105,6.383949829903651e-16,0.01,True
robustness_convergence,fixed_E_signal,relative,128,256,105,1.3715453072401306e-12,0.01,True
robustness_convergence,fixed_j_signal,relative,128,256,104,4.0500562170449064e-13,0.01,True
robustness_convergence,bound_singular_abs,relative,128,256,84,4.49149200257438e-14,0.01,True
robustness_convergence,bound_adjoint_abs,relative,128,256,84,4.4065840346189286e-14,0.01,True
robustness_convergence,H_passive_direct,absolute,128,256,10,0.0,1e-10,True
robustness_convergence,H_passive_direct,relative,128,256,60,2.3049667046517977e-11,0.01,True
robustness_convergence,fixed_j_signal,absolute,128,256,1,5.058623036068041e-21,1e-10,True
robustness_convergence,Delta_H_scalar,absolute,128,256,21,0.0,1e-10,True
robustness_convergence,Delta_H_shape,absolute,128,256,21,0.0,1e-10,True
robustness_convergence,bound_singular_abs,absolute,128,256,21,0.0,1e-10,True
robustness_convergence,bound_adjoint_abs,absolute,128,256,21,0.0,1e-10,True
weak_control_convergence,H,relative,128,256,1152,2.6029983825090595e-15,0.01,True
weak_control_convergence,H_first_order,relative,128,256,1152,1.8216742667049766e-13,0.01,True
weak_control_convergence,rho_norm,relative,128,256,36,0.0,1e-10,True
weak_control_convergence,rho_spectral,relative,128,256,36,0.0,1e-10,True
weak_control_convergence,rho_drive,relative,128,256,36,0.0,1e-10,True
weak_control_convergence,absolute_remainder,relative,128,256,357,7.105427357601002e-15,1e-10,True
weak_control_convergence,rho_norm,relative,128,256,1116,3.8368913714991703e-14,0.01,True
weak_control_convergence,rho_spectral,relative,128,256,1116,3.793171991138841e-14,0.01,True
weak_control_convergence,rho_drive,relative,128,256,1116,5.300482939224594e-13,0.01,True
weak_control_convergence,absolute_remainder,relative,128,256,795,3.4484090420043807e-07,0.01,True
