kernel,delta_P,xi,raw_mode,orthonormal_mode,coefficient
gaussian,0.4,0.0,1,1,0.004320349557901434
gaussian,0.4,0.0,2,1,0.0
gaussian,0.4,0.0,3,1,0.0
gaussian,0.4,0.0,4,1,0.0
gaussian,0.4,0.0,1,2,0.00038520718708027937
gaussian,0.4,0.0,2,2,1.303904215194623
gaussian,0.4,0.0,3,2,0.0
gaussian,0.4,0.0,4,2,0.0
gaussian,0.4,0.0,1,3,0.0
gaussian,0.4,0.0,2,3,0.0
gaussian,0.4,0.0,3,3,3.96332729760601
gaussian,0.4,0.0,4,3,0.0
gaussian,0.4,0.0,1,4,0.0
gaussian,0.4,0.0,2,4,0.0
gaussian,0.4,0.0,3,4,9.450323565012315e-17
gaussian,0.4,0.0,4,4,2.8024956081989663
gaussian,0.42758620689655175,0.0,1,1,0.004320349557901434
gaussian,0.42758620689655175,0.0,2,1,0.0
gaussian,0.42758620689655175,0.0,3,1,0.0
gaussian,0.42758620689655175,0.0,4,1,0.0
gaussian,0.42758620689655175,0.0,1,2,0.00038520718708027937
gaussian,0.42758620689655175,0.0,2,2,1.303904215194623
gaussian,0.42758620689655175,0.0,3,2,0.0
gaussian,0.42758620689655175,0.0,4,2,0.0
gaussian,0.42758620689655175,0.0,1,3,0.0
gaussian,0.42758620689655175,0.0,2,3,0.0
gaussian,0.42758620689655175,0.0,3,3,3.83334661658974
gaussian,0.42758620689655175,0.0,4,3,0.0
gaussian,0.42758620689655175,0.0,1,4,0.0
gaussian,0.42758620689655175,0.0,2,4,0.0
gaussian,0.42758620689655175,0.0,3,4,-2.964667411175558e-18
gaussian,0.42758620689655175,0.0,4,4,2.7105853872291137
gaussian,0.45517241379310347,0.0,1,1,0.004320349557901434
gaussian,0.45517241379310347,0.0,2,1,0.0
gaussian,0.45517241379310347,0.0,3,1,0.0
gaussian,0.45517241379310347,0.0,4,1,0.0
gaussian,0.45517241379310347,0.0,1,2,0.00038520718708027937
gaussian,0.45517241379310347,0.0,2,2,1.303904215194623
gaussian,0.45517241379310347,0.0,3,2,0.0
gaussian,0.45517241379310347,0.0,4,2,0.0
gaussian,0.45517241379310347,0.0,1,3,0.0
gaussian,0.45517241379310347,0.0,2,3,0.0
gaussian,0.45517241379310347,0.0,3,3,3.715369123023821
gaussian,0.45517241379310347,0.0,4,3,0.0
gaussian,0.45517241379310347,0.0,1,4,0.0
gaussian,0.45517241379310347,0.0,2,4,0.0
gaussian,0.45517241379310347,0.0,3,4,5.869987537730162e-17
gaussian,0.45517241379310347,0.0,4,4,2.6271627015012586
gaussian,0.4827586206896552,0.0,1,1,0.004320349557901434
gaussian,0.4827586206896552,0.0,2,1,0.0
gaussian,0.4827586206896552,0.0,3,1,0.0
gaussian,0.4827586206896552,0.0,4,1,0.0
gaussian,0.4827586206896552,0.0,1,2,0.00038520718708027937
gaussian,0.4827586206896552,0.0,2,2,1.303904215194623
gaussian,0.4827586206896552,0.0,3,2,0.0
gaussian,0.4827586206896552,0.0,4,2,0.0
gaussian,0.4827586206896552,0.0,1,3,0.0
gaussian,0.4827586206896552,0.0,2,3,0.0
gaussian,0.4827586206896552,0.0,3,3,3.607654302295606
gaussian,0.4827586206896552,0.0,4,3,0.0
gaussian,0.4827586206896552,0.0,1,4,0.0
gaussian,0.4827586206896552,0.0,2,4,0.0
gaussian,0.4827586206896552,0.0,3,4,4.985709750456943e-17
gaussian,0.4827586206896552,0.0,4,4,2.5509968213300445
gaussian,0.5103448275862069,0.0,1,1,0.004320349557901434
gaussian,0.5103448275862069,0.0,2,1,0.0
gaussian,0.5103448275862069,0.0,3,1,0.0
gaussian,0.5103448275862069,0.0,4,1,0.0
gaussian,0.5103448275862069,0.0,1,2,0.00038520718708027937
gaussian,0.5103448275862069,0.0,2,2,1.303904215194623
gaussian,0.5103448275862069,0.0,3,2,0.0
gaussian,0.5103448275862069,0.0,4,2,0.0
gaussian,0.5103448275862069,0.0,1,3,0.0
gaussian,0.5103448275862069,0.0,2,3,0.0
gaussian,0.5103448275862069,0.0,3,3,3.508795646042917
gaussian,0.5103448275862069,0.0,4,3,0.0
gaussian,0.5103448275862069,0.0,1,4,0.0
gaussian,0.5103448275862069,0.0,2,4,0.0
gaussian,0.5103448275862069,0.0,3,4,4.852585019837355e-17
gaussian,0.5103448275862069,0.0,4,4,2.481093195114779
gaussian,0.5379310344827586,0.0,1,1,0.004320349557901434
gaussian,0.5379310344827586,0.0,2,1,0.0
gaussian,0.5379310344827586,0.0,3,1,0.0
gaussian,0.5379310344827586,0.0,4,1,0.0
gaussian,0.5379310344827586,0.0,1,2,0.00038520718708027937
gaussian,0.5379310344827586,0.0,2,2,1.303904215194623
gaussian,0.5379310344827586,0.0,3,2,0.0
gaussian,0.5379310344827586,0.0,4,2,0.0
gaussian,0.5379310344827586,0.0,1,3,0.0
gaussian,0.5379310344827586,0.0,2,3,0.0
gaussian,0.5379310344827586,0.0,3,3,3.417642517691294
gaussian,0.5379310344827586,0.0,4,3,0.0
gaussian,0.5379310344827586,0.0,1,4,0.0
gaussian,0.5379310344827586,0.0,2,4,0.0
gaussian,0.5379310344827586,0.0,3,4,2.214595275079036e-16
gaussian,0.5379310344827586,0.0,4,4,2.41663819993098
gaussian,0.5655172413793104,0.0,1,1,0.004320349557901434
gaussian,0.5655172413793104,0.0,2,1,0.0
gaussian,0.5655172413793104,0.0,3,1,0.0
gaussian,0.5655172413793104,0.0,4,1,0.0
gaussian,0.5655172413793104,0.0,1,2,0.00038520718708027937
gaussian,0.5655172413793104,0.0,2,2,1.303904215194623
gaussian,0.5655172413793104,0.0,3,2,0.0
gaussian,0.5655172413793104,0.0,4,2,0.0
gaussian,0.5655172413793104,0.0,1,3,0.0
gaussian,0.5655172413793104,0.0,2,3,0.0
gaussian,0.5655172413793104,0.0,3,3,3.333243256073434
gaussian,0.5655172413793104,0.0,4,3,0.0
gaussian,0.5655172413793104,0.0,1,4,0.0
gaussian,0.5655172413793104,0.0,2,4,0.0
gaussian,0.5655172413793104,0.0,3,4,-4.8827760966022923e-17
gaussian,0.5655172413793104,0.0,4,4,2.356958909713853
gaussian,0.593103448275862,0.0,1,1,0.004320349557901434
gaussian,0.593103448275862,0.0,2,1,0.0
gaussian,0.593103448275862,0.0,3,1,0.0
gaussian,0.593103448275862,0.0,4,1,0.0
gaussian,0.593103448275862,0.0,1,2,0.00038520718708027937
gaussian,0.593103448275862,0.0,2,2,1.303904215194623
gaussian,0.593103448275862,0.0,3,2,0.0
gaussian,0.593103448275862,0.0,4,2,0.0
gaussian,0.593103448275862,0.0,1,3,0.0
gaussian,0.593103448275862,0.0,2,3,0.0
gaussian,0.593103448275862,0.0,3,3,3.2548030154038297
gaussian,0.593103448275862,0.0,4,3,0.0
gaussian,0.593103448275862,0.0,1,4,0.0
gaussian,0.593103448275862,0.0,2,4,0.0
gaussian,0.593103448275862,0.0,3,4,3.118702262019898e-17
gaussian,0.593103448275862,0.0,4,4,2.3014932836184716
gaussian,0.6206896551724138,0.0,1,1,0.004320349557901434
gaussian,0.6206896551724138,0.0,2,1,0.0
gaussian,0.6206896551724138,0.0,3,1,0.0
gaussian,0.6206896551724138,0.0,4,1,0.0
gaussian,0.6206896551724138,0.0,1,2,0.00038520718708027937
gaussian,0.6206896551724138,0.0,2,2,1.303904215194623
gaussian,0.6206896551724138,0.0,3,2,0.0
gaussian,0.6206896551724138,0.0,4,2,0.0
gaussian,0.6206896551724138,0.0,1,3,0.0
gaussian,0.6206896551724138,0.0,2,3,0.0
gaussian,0.6206896551724138,0.0,3,3,3.1816520333888043
gaussian,0.6206896551724138,0.0,4,3,0.0
gaussian,0.6206896551724138,0.0,1,4,0.0
gaussian,0.6206896551724138,0.0,2,4,0.0
gaussian,0.6206896551724138,0.0,3,4,6.0837714944798865e-18
gaussian,0.6206896551724138,0.0,4,4,2.249767728185191
gaussian,0.6482758620689655,0.0,1,1,0.004320349557901434
gaussian,0.6482758620689655,0.0,2,1,0.0
gaussian,0.6482758620689655,0.0,3,1,0.0
gaussian,0.6482758620689655,0.0,4,1,0.0
gaussian,0.6482758620689655,0.0,1,2,0.00038520718708027937
gaussian,0.6482758620689655,0.0,2,2,1.303904215194623
gaussian,0.6482758620689655,0.0,3,2,0.0
gaussian,0.6482758620689655,0.0,4,2,0.0
gaussian,0.6482758620689655,0.0,1,3,0.0
gaussian,0.6482758620689655,0.0,2,3,0.0
gaussian,0.6482758620689655,0.0,3,3,3.113221410100628
gaussian,0.6482758620689655,0.0,4,3,0.0
gaussian,0.6482758620689655,0.0,1,4,0.0
gaussian,0.6482758620689655,0.0,2,4,0.0
gaussian,0.6482758620689655,0.0,3,4,-2.4953085235084423e-17
gaussian,0.6482758620689655,0.0,4,4,2.2013799704172983
gaussian,0.6758620689655173,0.0,1,1,0.004320349557901434
gaussian,0.6758620689655173,0.0,2,1,0.0
gaussian,0.6758620689655173,0.0,3,1,0.0
gaussian,0.6758620689655173,0.0,4,1,0.0
gaussian,0.6758620689655173,0.0,1,2,0.00038520718708027937
gaussian,0.6758620689655173,0.0,2,2,1.303904215194623
gaussian,0.6758620689655173,0.0,3,2,0.0
gaussian,0.6758620689655173,0.0,4,2,0.0
gaussian,0.6758620689655173,0.0,1,3,0.0
gaussian,0.6758620689655173,0.0,2,3,0.0
gaussian,0.6758620689655173,0.0,3,3,3.04902438317477
gaussian,0.6758620689655173,0.0,4,3,0.0
gaussian,0.6758620689655173,0.0,1,4,0.0
gaussian,0.6758620689655173,0.0,2,4,0.0
gaussian,0.6758620689655173,0.0,3,4,-6.829029173791205e-18
gaussian,0.6758620689655173,0.0,4,4,2.1559858173460094
gaussian,0.7034482758620689,0.0,1,1,0.004320349557901434
gaussian,0.7034482758620689,0.0,2,1,0.0
gaussian,0.7034482758620689,0.0,3,1,0.0
gaussian,0.7034482758620689,0.0,4,1,0.0
gaussian,0.7034482758620689,0.0,1,2,0.00038520718708027937
gaussian,0.7034482758620689,0.0,2,2,1.303904215194623
gaussian,0.7034482758620689,0.0,3,2,0.0
gaussian,0.7034482758620689,0.0,4,2,0.0
gaussian,0.7034482758620689,0.0,1,3,0.0
gaussian,0.7034482758620689,0.0,2,3,0.0
gaussian,0.7034482758620689,0.0,3,3,2.988641683632793
gaussian,0.7034482758620689,0.0,4,3,0.0
gaussian,0.7034482758620689,0.0,1,4,0.0
gaussian,0.7034482758620689,0.0,2,4,0.0
gaussian,0.7034482758620689,0.0,3,4,-5.219636989367119e-18
gaussian,0.7034482758620689,0.0,4,4,2.11328880103353
gaussian,0.7310344827586206,0.0,1,1,0.004320349557901434
gaussian,0.7310344827586206,0.0,2,1,0.0
gaussian,0.7310344827586206,0.0,3,1,0.0
gaussian,0.7310344827586206,0.0,4,1,0.0
gaussian,0.7310344827586206,0.0,1,2,0.00038520718708027937
gaussian,0.7310344827586206,0.0,2,2,1.303904215194623
gaussian,0.7310344827586206,0.0,3,2,0.0
gaussian,0.7310344827586206,0.0,4,2,0.0
gaussian,0.7310344827586206,0.0,1,3,0.0
gaussian,0.7310344827586206,0.0,2,3,0.0
gaussian,0.7310344827586206,0.0,3,3,2.9317099613633313
gaussian,0.7310344827586206,0.0,4,3,0.0
gaussian,0.7310344827586206,0.0,1,4,0.0
gaussian,0.7310344827586206,0.0,2,4,0.0
gaussian,0.7310344827586206,0.0,3,4,4.318644435836342e-17
gaussian,0.7310344827586206,0.0,4,4,2.0730319941521635
gaussian,0.7586206896551724,0.0,1,1,0.004320349557901434
gaussian,0.7586206896551724,0.0,2,1,0.0
gaussian,0.7586206896551724,0.0,3,1,0.0
gaussian,0.7586206896551724,0.0,4,1,0.0
gaussian,0.7586206896551724,0.0,1,2,0.00038520718708027937
gaussian,0.7586206896551724,0.0,2,2,1.303904215194623
gaussian,0.7586206896551724,0.0,3,2,0.0
gaussian,0.7586206896551724,0.0,4,2,0.0
gaussian,0.7586206896551724,0.0,1,3,0.0
gaussian,0.7586206896551724,0.0,2,3,0.0
gaussian,0.7586206896551724,0.0,3,3,2.8779125476969027
gaussian,0.7586206896551724,0.0,4,3,0.0
gaussian,0.7586206896551724,0.0,1,4,0.0
gaussian,0.7586206896551724,0.0,2,4,0.0
gaussian,0.7586206896551724,0.0,3,4,2.2866727382631133e-17
gaussian,0.7586206896551724,0.0,4,4,2.034991478138334
gaussian,0.7862068965517242,0.0,1,1,0.004320349557901434
gaussian,0.7862068965517242,0.0,2,1,0.0
gaussian,0.7862068965517242,0.0,3,1,0.0
gaussian,0.7862068965517242,0.0,4,1,0.0
gaussian,0.7862068965517242,0.0,1,2,0.00038520718708027937
gaussian,0.7862068965517242,0.0,2,2,1.303904215194623
gaussian,0.7862068965517242,0.0,3,2,0.0
gaussian,0.7862068965517242,0.0,4,2,0.0
gaussian,0.7862068965517242,0.0,1,3,0.0
gaussian,0.7862068965517242,0.0,2,3,0.0
gaussian,0.7862068965517242,0.0,3,3,2.8269720170966885
gaussian,0.7862068965517242,0.0,4,3,0.0
gaussian,0.7862068965517242,0.0,1,4,0.0
gaussian,0.7862068965517242,0.0,2,4,0.0
gaussian,0.7862068965517242,0.0,3,4,-5.4051098056814195e-17
gaussian,0.7862068965517242,0.0,4,4,1.9989710835136811
gaussian,0.8137931034482758,0.0,1,1,0.004320349557901434
gaussian,0.8137931034482758,0.0,2,1,0.0
gaussian,0.8137931034482758,0.0,3,1,0.0
gaussian,0.8137931034482758,0.0,4,1,0.0
gaussian,0.8137931034482758,0.0,1,2,0.00038520718708027937
gaussian,0.8137931034482758,0.0,2,2,1.303904215194623
gaussian,0.8137931034482758,0.0,3,2,0.0
gaussian,0.8137931034482758,0.0,4,2,0.0
gaussian,0.8137931034482758,0.0,1,3,0.0
gaussian,0.8137931034482758,0.0,2,3,0.0
gaussian,0.8137931034482758,0.0,3,3,2.7786441479965105
gaussian,0.8137931034482758,0.0,4,3,0.0
gaussian,0.8137931034482758,0.0,1,4,0.0
gaussian,0.8137931034482758,0.0,2,4,0.0
gaussian,0.8137931034482758,0.0,3,4,9.215946768111057e-18
gaussian,0.8137931034482758,0.0,4,4,1.9647981195526494
gaussian,0.8413793103448275,0.0,1,1,0.004320349557901434
gaussian,0.8413793103448275,0.0,2,1,0.0
gaussian,0.8413793103448275,0.0,3,1,0.0
gaussian,0.8413793103448275,0.0,4,1,0.0
gaussian,0.8413793103448275,0.0,1,2,0.00038520718708027937
gaussian,0.8413793103448275,0.0,2,2,1.303904215194623
gaussian,0.8413793103448275,0.0,3,2,0.0
gaussian,0.8413793103448275,0.0,4,2,0.0
gaussian,0.8413793103448275,0.0,1,3,0.0
gaussian,0.8413793103448275,0.0,2,3,0.0
gaussian,0.8413793103448275,0.0,3,3,2.732712982027142
gaussian,0.8413793103448275,0.0,4,3,0.0
gaussian,0.8413793103448275,0.0,1,4,0.0
gaussian,0.8413793103448275,0.0,2,4,0.0
gaussian,0.8413793103448275,0.0,3,4,2.18479730103491e-17
gaussian,0.8413793103448275,0.0,4,4,1.9323198806279038
gaussian,0.8689655172413793,0.0,1,1,0.004320349557901434
gaussian,0.8689655172413793,0.0,2,1,0.0
gaussian,0.8689655172413793,0.0,3,1,0.0
gaussian,0.8689655172413793,0.0,4,1,0.0
gaussian,0.8689655172413793,0.0,1,2,0.00038520718708027937
gaussian,0.8689655172413793,0.0,2,2,1.303904215194623
gaussian,0.8689655172413793,0.0,3,2,0.0
gaussian,0.8689655172413793,0.0,4,2,0.0
gaussian,0.8689655172413793,0.0,1,3,0.0
gaussian,0.8689655172413793,0.0,2,3,0.0
gaussian,0.8689655172413793,0.0,3,3,2.6889867530841842
gaussian,0.8689655172413793,0.0,4,3,0.0
gaussian,0.8689655172413793,0.0,1,4,0.0
gaussian,0.8689655172413793,0.0,2,4,0.0
gaussian,0.8689655172413793,0.0,3,4,-1.9051288624460702e-17
gaussian,0.8689655172413793,0.0,4,4,1.9014007676266218
gaussian,0.896551724137931,0.0,1,1,0.004320349557901434
gaussian,0.896551724137931,0.0,2,1,0.0
gaussian,0.896551724137931,0.0,3,1,0.0
gaussian,0.896551724137931,0.0,4,1,0.0
gaussian,0.896551724137931,0.0,1,2,0.00038520718708027937
gaussian,0.896551724137931,0.0,2,2,1.303904215194623
gaussian,0.896551724137931,0.0,3,2,0.0
gaussian,0.896551724137931,0.0,4,2,0.0
gaussian,0.896551724137931,0.0,1,3,0.0
gaussian,0.896551724137931,0.0,2,3,0.0
gaussian,0.896551724137931,0.0,3,3,2.647294510861754
gaussian,0.896551724137931,0.0,4,3,0.0
gaussian,0.896551724137931,0.0,1,4,0.0
gaussian,0.896551724137931,0.0,2,4,0.0
gaussian,0.896551724137931,0.0,3,4,8.900595308588012e-18
gaussian,0.896551724137931,0.0,4,4,1.8719199004282716
gaussian,0.9241379310344827,0.0,1,1,0.004320349557901434
gaussian,0.9241379310344827,0.0,2,1,0.0
gaussian,0.9241379310344827,0.0,3,1,0.0
gaussian,0.9241379310344827,0.0,4,1,0.0
gaussian,0.9241379310344827,0.0,1,2,0.00038520718708027937
gaussian,0.9241379310344827,0.0,2,2,1.303904215194623
gaussian,0.9241379310344827,0.0,3,2,0.0
gaussian,0.9241379310344827,0.0,4,2,0.0
gaussian,0.9241379310344827,0.0,1,3,0.0
gaussian,0.9241379310344827,0.0,2,3,0.0
gaussian,0.9241379310344827,0.0,3,3,2.6074833030490154
gaussian,0.9241379310344827,0.0,4,3,0.0
gaussian,0.9241379310344827,0.0,1,4,0.0
gaussian,0.9241379310344827,0.0,2,4,0.0
gaussian,0.9241379310344827,0.0,3,4,1.0263182010501513e-16
gaussian,0.9241379310344827,0.0,4,4,1.8437691254166564
gaussian,0.9517241379310344,0.0,1,1,0.004320349557901434
gaussian,0.9517241379310344,0.0,2,1,0.0
gaussian,0.9517241379310344,0.0,3,1,0.0
gaussian,0.9517241379310344,0.0,4,1,0.0
gaussian,0.9517241379310344,0.0,1,2,0.00038520718708027937
gaussian,0.9517241379310344,0.0,2,2,1.303904215194623
gaussian,0.9517241379310344,0.0,3,2,0.0
gaussian,0.9517241379310344,0.0,4,2,0.0
gaussian,0.9517241379310344,0.0,1,3,0.0
gaussian,0.9517241379310344,0.0,2,3,0.0
gaussian,0.9517241379310344,0.0,3,3,2.569415810134642
gaussian,0.9517241379310344,0.0,4,3,0.0
gaussian,0.9517241379310344,0.0,1,4,0.0
gaussian,0.9517241379310344,0.0,2,4,0.0
gaussian,0.9517241379310344,0.0,3,4,5.876665245926438e-17
gaussian,0.9517241379310344,0.0,4,4,1.816851343034132
gaussian,0.9793103448275862,0.0,1,1,0.004320349557901434
gaussian,0.9793103448275862,0.0,2,1,0.0
gaussian,0.9793103448275862,0.0,3,1,0.0
gaussian,0.9793103448275862,0.0,4,1,0.0
gaussian,0.9793103448275862,0.0,1,2,0.00038520718708027937
gaussian,0.9793103448275862,0.0,2,2,1.303904215194623
gaussian,0.9793103448275862,0.0,3,2,0.0
gaussian,0.9793103448275862,0.0,4,2,0.0
gaussian,0.9793103448275862,0.0,1,3,0.0
gaussian,0.9793103448275862,0.0,2,3,0.0
gaussian,0.9793103448275862,0.0,3,3,2.5329683493363513
gaussian,0.9793103448275862,0.0,4,3,0.0
gaussian,0.9793103448275862,0.0,1,4,0.0
gaussian,0.9793103448275862,0.0,2,4,0.0
gaussian,0.9793103448275862,0.0,3,4,5.831090626765057e-17
gaussian,0.9793103448275862,0.0,4,4,1.7910790963466305
gaussian,1.0068965517241377,0.0,1,1,0.004320349557901434
gaussian,1.0068965517241377,0.0,2,1,0.0
gaussian,1.0068965517241377,0.0,3,1,0.0
gaussian,1.0068965517241377,0.0,4,1,0.0
gaussian,1.0068965517241377,0.0,1,2,0.00038520718708027937
gaussian,1.0068965517241377,0.0,2,2,1.303904215194623
gaussian,1.0068965517241377,0.0,3,2,0.0
gaussian,1.0068965517241377,0.0,4,2,0.0
gaussian,1.0068965517241377,0.0,1,3,0.0
gaussian,1.0068965517241377,0.0,2,3,0.0
gaussian,1.0068965517241377,0.0,3,3,2.498029181450246
gaussian,1.0068965517241377,0.0,4,3,0.0
gaussian,1.0068965517241377,0.0,1,4,0.0
gaussian,1.0068965517241377,0.0,2,4,0.0
gaussian,1.0068965517241377,0.0,3,4,1.0498742518664581e-17
gaussian,1.0068965517241377,0.0,4,4,1.7663733738053495
gaussian,1.0344827586206895,0.0,1,1,0.004320349557901434
gaussian,1.0344827586206895,0.0,2,1,0.0
gaussian,1.0344827586206895,0.0,3,1,0.0
gaussian,1.0344827586206895,0.0,4,1,0.0
gaussian,1.0344827586206895,0.0,1,2,0.00038520718708027937
gaussian,1.0344827586206895,0.0,2,2,1.303904215194623
gaussian,1.0344827586206895,0.0,3,2,0.0
gaussian,1.0344827586206895,0.0,4,2,0.0
gaussian,1.0344827586206895,0.0,1,3,0.0
gaussian,1.0344827586206895,0.0,2,3,0.0
gaussian,1.0344827586206895,0.0,3,3,2.4644970677483604
gaussian,1.0344827586206895,0.0,4,3,0.0
gaussian,1.0344827586206895,0.0,1,4,0.0
gaussian,1.0344827586206895,0.0,2,4,0.0
gaussian,1.0344827586206895,0.0,3,4,-2.3147731432810052e-17
gaussian,1.0344827586206895,0.0,4,4,1.742662588819228
gaussian,1.0620689655172413,0.0,1,1,0.004320349557901434
gaussian,1.0620689655172413,0.0,2,1,0.0
gaussian,1.0620689655172413,0.0,3,1,0.0
gaussian,1.0620689655172413,0.0,4,1,0.0
gaussian,1.0620689655172413,0.0,1,2,0.00038520718708027937
gaussian,1.0620689655172413,0.0,2,2,1.303904215194623
gaussian,1.0620689655172413,0.0,3,2,0.0
gaussian,1.0620689655172413,0.0,4,2,0.0
gaussian,1.0620689655172413,0.0,1,3,0.0
gaussian,1.0620689655172413,0.0,2,3,0.0
gaussian,1.0620689655172413,0.0,3,3,2.4322800344226216
gaussian,1.0620689655172413,0.0,4,3,0.0
gaussian,1.0620689655172413,0.0,1,4,0.0
gaussian,1.0620689655172413,0.0,2,4,0.0
gaussian,1.0620689655172413,0.0,3,4,-3.8241569367563304e-18
gaussian,1.0620689655172413,0.0,4,4,1.7198817060848852
gaussian,1.089655172413793,0.0,1,1,0.004320349557901434
gaussian,1.089655172413793,0.0,2,1,0.0
gaussian,1.089655172413793,0.0,3,1,0.0
gaussian,1.089655172413793,0.0,4,1,0.0
gaussian,1.089655172413793,0.0,1,2,0.00038520718708027937
gaussian,1.089655172413793,0.0,2,2,1.303904215194623
gaussian,1.089655172413793,0.0,3,2,0.0
gaussian,1.089655172413793,0.0,4,2,0.0
gaussian,1.089655172413793,0.0,1,3,0.0
gaussian,1.089655172413793,0.0,2,3,0.0
gaussian,1.089655172413793,0.0,3,3,2.401294310196857
gaussian,1.089655172413793,0.0,4,3,0.0
gaussian,1.089655172413793,0.0,1,4,0.0
gaussian,1.089655172413793,0.0,2,4,0.0
gaussian,1.089655172413793,0.0,3,4,-5.0789878620030043e-17
gaussian,1.089655172413793,0.0,4,4,1.697971490364871
gaussian,1.1172413793103448,0.0,1,1,0.004320349557901434
gaussian,1.1172413793103448,0.0,2,1,0.0
gaussian,1.1172413793103448,0.0,3,1,0.0
gaussian,1.1172413793103448,0.0,4,1,0.0
gaussian,1.1172413793103448,0.0,1,2,0.00038520718708027937
gaussian,1.1172413793103448,0.0,2,2,1.303904215194623
gaussian,1.1172413793103448,0.0,3,2,0.0
gaussian,1.1172413793103448,0.0,4,2,0.0
gaussian,1.1172413793103448,0.0,1,3,0.0
gaussian,1.1172413793103448,0.0,2,3,0.0
gaussian,1.1172413793103448,0.0,3,3,2.3714634091359317
gaussian,1.1172413793103448,0.0,4,3,0.0
gaussian,1.1172413793103448,0.0,1,4,0.0
gaussian,1.1172413793103448,0.0,2,4,0.0
gaussian,1.1172413793103448,0.0,3,4,-1.7891079124743276e-17
gaussian,1.1172413793103448,0.0,4,4,1.676877857935785
gaussian,1.1448275862068966,0.0,1,1,0.004320349557901434
gaussian,1.1448275862068966,0.0,2,1,0.0
gaussian,1.1448275862068966,0.0,3,1,0.0
gaussian,1.1448275862068966,0.0,4,1,0.0
gaussian,1.1448275862068966,0.0,1,2,0.00038520718708027937
gaussian,1.1448275862068966,0.0,2,2,1.303904215194623
gaussian,1.1448275862068966,0.0,3,2,0.0
gaussian,1.1448275862068966,0.0,4,2,0.0
gaussian,1.1448275862068966,0.0,1,3,0.0
gaussian,1.1448275862068966,0.0,2,3,0.0
gaussian,1.1448275862068966,0.0,3,3,2.342717335767905
gaussian,1.1448275862068966,0.0,4,3,0.0
gaussian,1.1448275862068966,0.0,1,4,0.0
gaussian,1.1448275862068966,0.0,2,4,0.0
gaussian,1.1448275862068966,0.0,3,4,4.326618299262508e-17
gaussian,1.1448275862068966,0.0,4,4,1.6565513145247677
gaussian,1.1724137931034482,0.0,1,1,0.004320349557901434
gaussian,1.1724137931034482,0.0,2,1,0.0
gaussian,1.1724137931034482,0.0,3,1,0.0
gaussian,1.1724137931034482,0.0,4,1,0.0
gaussian,1.1724137931034482,0.0,1,2,0.00038520718708027937
gaussian,1.1724137931034482,0.0,2,2,1.303904215194623
gaussian,1.1724137931034482,0.0,3,2,0.0
gaussian,1.1724137931034482,0.0,4,2,0.0
gaussian,1.1724137931034482,0.0,1,3,0.0
gaussian,1.1724137931034482,0.0,2,3,0.0
gaussian,1.1724137931034482,0.0,3,3,2.3149918936982203
gaussian,1.1724137931034482,0.0,4,3,0.0
gaussian,1.1724137931034482,0.0,1,4,0.0
gaussian,1.1724137931034482,0.0,2,4,0.0
gaussian,1.1724137931034482,0.0,3,4,7.757644929949389e-17
gaussian,1.1724137931034482,0.0,4,4,1.6369464664258995
gaussian,1.2,0.0,1,1,0.004320349557901434
gaussian,1.2,0.0,2,1,0.0
gaussian,1.2,0.0,3,1,0.0
gaussian,1.2,0.0,4,1,0.0
gaussian,1.2,0.0,1,2,0.00038520718708027937
gaussian,1.2,0.0,2,2,1.303904215194623
gaussian,1.2,0.0,3,2,0.0
gaussian,1.2,0.0,4,2,0.0
gaussian,1.2,0.0,1,3,0.0
gaussian,1.2,0.0,2,3,0.0
gaussian,1.2,0.0,3,3,2.288228082159423
gaussian,1.2,0.0,4,3,0.0
gaussian,1.2,0.0,1,4,0.0
gaussian,1.2,0.0,2,4,0.0
gaussian,1.2,0.0,3,4,-4.0516254569152406e-17
gaussian,1.2,0.0,4,4,1.6180215937964153
gaussian,0.4,0.05,1,1,0.003951180659327255
gaussian,0.4,0.05,2,1,0.0
gaussian,0.4,0.05,3,1,0.0
gaussian,0.4,0.05,4,1,0.0
gaussian,0.4,0.05,1,2,0.000229244418491316
gaussian,0.4,0.05,2,2,1.3009361992109447
gaussian,0.4,0.05,3,2,0.0
gaussian,0.4,0.05,4,2,0.0
gaussian,0.4,0.05,1,3,0.0
gaussian,0.4,0.05,2,3,0.0
gaussian,0.4,0.05,3,3,3.96332729760601
gaussian,0.4,0.05,4,3,0.0
gaussian,0.4,0.05,1,4,0.0
gaussian,0.4,0.05,2,4,0.0
gaussian,0.4,0.05,3,4,9.450323565012315e-17
gaussian,0.4,0.05,4,4,2.8024956081989663
gaussian,0.42758620689655175,0.05,1,1,0.003951180659327255
gaussian,0.42758620689655175,0.05,2,1,0.0
gaussian,0.42758620689655175,0.05,3,1,0.0
gaussian,0.42758620689655175,0.05,4,1,0.0
gaussian,0.42758620689655175,0.05,1,2,0.000229244418491316
gaussian,0.42758620689655175,0.05,2,2,1.3009361992109447
gaussian,0.42758620689655175,0.05,3,2,0.0
gaussian,0.42758620689655175,0.05,4,2,0.0
gaussian,0.42758620689655175,0.05,1,3,0.0
gaussian,0.42758620689655175,0.05,2,3,0.0
gaussian,0.42758620689655175,0.05,3,3,3.83334661658974
gaussian,0.42758620689655175,0.05,4,3,0.0
gaussian,0.42758620689655175,0.05,1,4,0.0
gaussian,0.42758620689655175,0.05,2,4,0.0
gaussian,0.42758620689655175,0.05,3,4,-2.964667411175558e-18
gaussian,0.42758620689655175,0.05,4,4,2.7105853872291137
gaussian,0.45517241379310347,0.05,1,1,0.003951180659327255
gaussian,0.45517241379310347,0.05,2,1,0.0
gaussian,0.45517241379310347,0.05,3,1,0.0
gaussian,0.45517241379310347,0.05,4,1,0.0
gaussian,0.45517241379310347,0.05,1,2,0.000229244418491316
gaussian,0.45517241379310347,0.05,2,2,1.3009361992109447
gaussian,0.45517241379310347,0.05,3,2,0.0
gaussian,0.45517241379310347,0.05,4,2,0.0
gaussian,0.45517241379310347,0.05,1,3,0.0
gaussian,0.45517241379310347,0.05,2,3,0.0
gaussian,0.45517241379310347,0.05,3,3,3.715369123023821
gaussian,0.45517241379310347,0.05,4,3,0.0
gaussian,0.45517241379310347,0.05,1,4,0.0
gaussian,0.45517241379310347,0.05,2,4,0.0
gaussian,0.45517241379310347,0.05,3,4,5.869987537730162e-17
gaussian,0.45517241379310347,0.05,4,4,2.6271627015012586
gaussian,0.4827586206896552,0.05,1,1,0.003951180659327255
gaussian,0.4827586206896552,0.05,2,1,0.0
gaussian,0.4827586206896552,0.05,3,1,0.0
gaussian,0.4827586206896552,0.05,4,1,0.0
gaussian,0.4827586206896552,0.05,1,2,0.000229244418491316
gaussian,0.4827586206896552,0.05,2,2,1.3009361992109447
gaussian,0.4827586206896552,0.05,3,2,0.0
gaussian,0.4827586206896552,0.05,4,2,0.0
gaussian,0.4827586206896552,0.05,1,3,0.0
gaussian,0.4827586206896552,0.05,2,3,0.0
gaussian,0.4827586206896552,0.05,3,3,3.607654302295606
gaussian,0.4827586206896552,0.05,4,3,0.0
gaussian,0.4827586206896552,0.05,1,4,0.0
gaussian,0.4827586206896552,0.05,2,4,0.0
gaussian,0.4827586206896552,0.05,3,4,4.985709750456943e-17
gaussian,0.4827586206896552,0.05,4,4,2.5509968213300445
gaussian,0.5103448275862069,0.05,1,1,0.003951180659327255
gaussian,0.5103448275862069,0.05,2,1,0.0
gaussian,0.5103448275862069,0.05,3,1,0.0
gaussian,0.5103448275862069,0.05,4,1,0.0
gaussian,0.5103448275862069,0.05,1,2,0.000229244418491316
gaussian,0.5103448275862069,0.05,2,2,1.3009361992109447
gaussian,0.5103448275862069,0.05,3,2,0.0
gaussian,0.5103448275862069,0.05,4,2,0.0
gaussian,0.5103448275862069,0.05,1,3,0.0
gaussian,0.5103448275862069,0.05,2,3,0.0
gaussian,0.5103448275862069,0.05,3,3,3.508795646042917
gaussian,0.5103448275862069,0.05,4,3,0.0
gaussian,0.5103448275862069,0.05,1,4,0.0
gaussian,0.5103448275862069,0.05,2,4,0.0
gaussian,0.5103448275862069,0.05,3,4,4.852585019837355e-17
gaussian,0.5103448275862069,0.05,4,4,2.481093195114779
gaussian,0.5379310344827586,0.05,1,1,0.003951180659327255
gaussian,0.5379310344827586,0.05,2,1,0.0
gaussian,0.5379310344827586,0.05,3,1,0.0
gaussian,0.5379310344827586,0.05,4,1,0.0
gaussian,0.5379310344827586,0.05,1,2,0.000229244418491316
gaussian,0.5379310344827586,0.05,2,2,1.3009361992109447
gaussian,0.5379310344827586,0.05,3,2,0.0
gaussian,0.5379310344827586,0.05,4,2,0.0
gaussian,0.5379310344827586,0.05,1,3,0.0
gaussian,0.5379310344827586,0.05,2,3,0.0
gaussian,0.5379310344827586,0.05,3,3,3.417642517691294
gaussian,0.5379310344827586,0.05,4,3,0.0
gaussian,0.5379310344827586,0.05,1,4,0.0
gaussian,0.5379310344827586,0.05,2,4,0.0
gaussian,0.5379310344827586,0.05,3,4,2.214595275079036e-16
gaussian,0.5379310344827586,0.05,4,4,2.41663819993098
gaussian,0.5655172413793104,0.05,1,1,0.003951180659327255
gaussian,0.5655172413793104,0.05,2,1,0.0
gaussian,0.5655172413793104,0.05,3,1,0.0
gaussian,0.5655172413793104,0.05,4,1,0.0
gaussian,0.5655172413793104,0.05,1,2,0.000229244418491316
gaussian,0.5655172413793104,0.05,2,2,1.3009361992109447
gaussian,0.5655172413793104,0.05,3,2,0.0
gaussian,0.5655172413793104,0.05,4,2,0.0
gaussian,0.5655172413793104,0.05,1,3,0.0
gaussian,0.5655172413793104,0.05,2,3,0.0
gaussian,0.5655172413793104,0.05,3,3,3.333243256073434
gaussian,0.5655172413793104,0.05,4,3,0.0
gaussian,0.5655172413793104,0.05,1,4,0.0
gaussian,0.5655172413793104,0.05,2,4,0.0
gaussian,0.5655172413793104,0.05,3,4,-4.8827760966022923e-17
gaussian,0.5655172413793104,0.05,4,4,2.356958909713853
gaussian,0.593103448275862,0.05,1,1,0.003951180659327255
gaussian,0.593103448275862,0.05,2,1,0.0
gaussian,0.593103448275862,0.05,3,1,0.0
gaussian,0.593103448275862,0.05,4,1,0.0
gaussian,0.593103448275862,0.05,1,2,0.000229244418491316
gaussian,0.593103448275862,0.05,2,2,1.3009361992109447
gaussian,0.593103448275862,0.05,3,2,0.0
gaussian,0.593103448275862,0.05,4,2,0.0
gaussian,0.593103448275862,0.05,1,3,0.0
gaussian,0.593103448275862,0.05,2,3,0.0
gaussian,0.593103448275862,0.05,3,3,3.2548030154038297
gaussian,0.593103448275862,0.05,4,3,0.0
gaussian,0.593103448275862,0.05,1,4,0.0
gaussian,0.593103448275862,0.05,2,4,0.0
gaussian,0.593103448275862,0.05,3,4,3.118702262019898e-17
gaussian,0.593103448275862,0.05,4,4,2.3014932836184716
gaussian,0.6206896551724138,0.05,1,1,0.003951180659327255
gaussian,0.6206896551724138,0.05,2,1,0.0
gaussian,0.6206896551724138,0.05,3,1,0.0
gaussian,0.6206896551724138,0.05,4,1,0.0
gaussian,0.6206896551724138,0.05,1,2,0.000229244418491316
gaussian,0.6206896551724138,0.05,2,2,1.3009361992109447
gaussian,0.6206896551724138,0.05,3,2,0.0
gaussian,0.6206896551724138,0.05,4,2,0.0
gaussian,0.6206896551724138,0.05,1,3,0.0
gaussian,0.6206896551724138,0.05,2,3,0.0
gaussian,0.6206896551724138,0.05,3,3,3.1816520333888043
gaussian,0.6206896551724138,0.05,4,3,0.0
gaussian,0.6206896551724138,0.05,1,4,0.0
gaussian,0.6206896551724138,0.05,2,4,0.0
gaussian,0.6206896551724138,0.05,3,4,6.0837714944798865e-18
gaussian,0.6206896551724138,0.05,4,4,2.249767728185191
gaussian,0.6482758620689655,0.05,1,1,0.003951180659327255
gaussian,0.6482758620689655,0.05,2,1,0.0
gaussian,0.6482758620689655,0.05,3,1,0.0
gaussian,0.6482758620689655,0.05,4,1,0.0
gaussian,0.6482758620689655,0.05,1,2,0.000229244418491316
gaussian,0.6482758620689655,0.05,2,2,1.3009361992109447
gaussian,0.6482758620689655,0.05,3,2,0.0
gaussian,0.6482758620689655,0.05,4,2,0.0
gaussian,0.6482758620689655,0.05,1,3,0.0
gaussian,0.6482758620689655,0.05,2,3,0.0
gaussian,0.6482758620689655,0.05,3,3,3.113221410100628
gaussian,0.6482758620689655,0.05,4,3,0.0
gaussian,0.6482758620689655,0.05,1,4,0.0
gaussian,0.6482758620689655,0.05,2,4,0.0
gaussian,0.6482758620689655,0.05,3,4,-2.4953085235084423e-17
gaussian,0.6482758620689655,0.05,4,4,2.2013799704172983
gaussian,0.6758620689655173,0.05,1,1,0.003951180659327255
gaussian,0.6758620689655173,0.05,2,1,0.0
gaussian,0.6758620689655173,0.05,3,1,0.0
gaussian,0.6758620689655173,0.05,4,1,0.0
gaussian,0.6758620689655173,0.05,1,2,0.000229244418491316
gaussian,0.6758620689655173,0.05,2,2,1.3009361992109447
gaussian,0.6758620689655173,0.05,3,2,0.0
gaussian,0.6758620689655173,0.05,4,2,0.0
gaussian,0.6758620689655173,0.05,1,3,0.0
gaussian,0.6758620689655173,0.05,2,3,0.0
gaussian,0.6758620689655173,0.05,3,3,3.04902438317477
gaussian,0.6758620689655173,0.05,4,3,0.0
gaussian,0.6758620689655173,0.05,1,4,0.0
gaussian,0.6758620689655173,0.05,2,4,0.0
gaussian,0.6758620689655173,0.05,3,4,-6.829029173791205e-18
gaussian,0.6758620689655173,0.05,4,4,2.1559858173460094
gaussian,0.7034482758620689,0.05,1,1,0.003951180659327255
gaussian,0.7034482758620689,0.05,2,1,0.0
gaussian,0.7034482758620689,0.05,3,1,0.0
gaussian,0.7034482758620689,0.05,4,1,0.0
gaussian,0.7034482758620689,0.05,1,2,0.000229244418491316
gaussian,0.7034482758620689,0.05,2,2,1.3009361992109447
gaussian,0.7034482758620689,0.05,3,2,0.0
gaussian,0.7034482758620689,0.05,4,2,0.0
gaussian,0.7034482758620689,0.05,1,3,0.0
gaussian,0.7034482758620689,0.05,2,3,0.0
gaussian,0.7034482758620689,0.05,3,3,2.988641683632793
gaussian,0.7034482758620689,0.05,4,3,0.0
gaussian,0.7034482758620689,0.05,1,4,0.0
gaussian,0.7034482758620689,0.05,2,4,0.0
gaussian,0.7034482758620689,0.05,3,4,-5.219636989367119e-18
gaussian,0.7034482758620689,0.05,4,4,2.11328880103353
gaussian,0.7310344827586206,0.05,1,1,0.003951180659327255
gaussian,0.7310344827586206,0.05,2,1,0.0
gaussian,0.7310344827586206,0.05,3,1,0.0
gaussian,0.7310344827586206,0.05,4,1,0.0
gaussian,0.7310344827586206,0.05,1,2,0.000229244418491316
gaussian,0.7310344827586206,0.05,2,2,1.3009361992109447
gaussian,0.7310344827586206,0.05,3,2,0.0
gaussian,0.7310344827586206,0.05,4,2,0.0
gaussian,0.7310344827586206,0.05,1,3,0.0
gaussian,0.7310344827586206,0.05,2,3,0.0
gaussian,0.7310344827586206,0.05,3,3,2.9317099613633313
gaussian,0.7310344827586206,0.05,4,3,0.0
gaussian,0.7310344827586206,0.05,1,4,0.0
gaussian,0.7310344827586206,0.05,2,4,0.0
gaussian,0.7310344827586206,0.05,3,4,4.318644435836342e-17
gaussian,0.7310344827586206,0.05,4,4,2.0730319941521635
gaussian,0.7586206896551724,0.05,1,1,0.003951180659327255
gaussian,0.7586206896551724,0.05,2,1,0.0
gaussian,0.7586206896551724,0.05,3,1,0.0
gaussian,0.7586206896551724,0.05,4,1,0.0
gaussian,0.7586206896551724,0.05,1,2,0.000229244418491316
gaussian,0.7586206896551724,0.05,2,2,1.3009361992109447
gaussian,0.7586206896551724,0.05,3,2,0.0
gaussian,0.7586206896551724,0.05,4,2,0.0
gaussian,0.7586206896551724,0.05,1,3,0.0
gaussian,0.7586206896551724,0.05,2,3,0.0
gaussian,0.7586206896551724,0.05,3,3,2.8779125476969027
gaussian,0.7586206896551724,0.05,4,3,0.0
gaussian,0.7586206896551724,0.05,1,4,0.0
gaussian,0.7586206896551724,0.05,2,4,0.0
gaussian,0.7586206896551724,0.05,3,4,2.2866727382631133e-17
gaussian,0.7586206896551724,0.05,4,4,2.034991478138334
gaussian,0.7862068965517242,0.05,1,1,0.003951180659327255
gaussian,0.7862068965517242,0.05,2,1,0.0
gaussian,0.7862068965517242,0.05,3,1,0.0
gaussian,0.7862068965517242,0.05,4,1,0.0
gaussian,0.7862068965517242,0.05,1,2,0.000229244418491316
gaussian,0.7862068965517242,0.05,2,2,1.3009361992109447
gaussian,0.7862068965517242,0.05,3,2,0.0
gaussian,0.7862068965517242,0.05,4,2,0.0
gaussian,0.7862068965517242,0.05,1,3,0.0
gaussian,0.7862068965517242,0.05,2,3,0.0
gaussian,0.7862068965517242,0.05,3,3,2.8269720170966885
gaussian,0.7862068965517242,0.05,4,3,0.0
gaussian,0.7862068965517242,0.05,1,4,0.0
gaussian,0.7862068965517242,0.05,2,4,0.0
gaussian,0.7862068965517242,0.05,3,4,-5.4051098056814195e-17
gaussian,0.7862068965517242,0.05,4,4,1.9989710835136811
gaussian,0.8137931034482758,0.05,1,1,0.003951180659327255
gaussian,0.8137931034482758,0.05,2,1,0.0
gaussian,0.8137931034482758,0.05,3,1,0.0
gaussian,0.8137931034482758,0.05,4,1,0.0
gaussian,0.8137931034482758,0.05,1,2,0.000229244418491316
gaussian,0.8137931034482758,0.05,2,2,1.3009361992109447
gaussian,0.8137931034482758,0.05,3,2,0.0
gaussian,0.8137931034482758,0.05,4,2,0.0
gaussian,0.8137931034482758,0.05,1,3,0.0
gaussian,0.8137931034482758,0.05,2,3,0.0
gaussian,0.8137931034482758,0.05,3,3,2.7786441479965105
gaussian,0.8137931034482758,0.05,4,3,0.0
gaussian,0.8137931034482758,0.05,1,4,0.0
gaussian,0.8137931034482758,0.05,2,4,0.0
gaussian,0.8137931034482758,0.05,3,4,9.215946768111057e-18
gaussian,0.8137931034482758,0.05,4,4,1.9647981195526494
gaussian,0.8413793103448275,0.05,1,1,0.003951180659327255
gaussian,0.8413793103448275,0.05,2,1,0.0
gaussian,0.8413793103448275,0.05,3,1,0.0
gaussian,0.8413793103448275,0.05,4,1,0.0
gaussian,0.8413793103448275,0.05,1,2,0.000229244418491316
gaussian,0.8413793103448275,0.05,2,2,1.3009361992109447
gaussian,0.8413793103448275,0.05,3,2,0.0
gaussian,0.8413793103448275,0.05,4,2,0.0
gaussian,0.8413793103448275,0.05,1,3,0.0
gaussian,0.8413793103448275,0.05,2,3,0.0
gaussian,0.8413793103448275,0.05,3,3,2.732712982027142
gaussian,0.8413793103448275,0.05,4,3,0.0
gaussian,0.8413793103448275,0.05,1,4,0.0
gaussian,0.8413793103448275,0.05,2,4,0.0
gaussian,0.8413793103448275,0.05,3,4,2.18479730103491e-17
gaussian,0.8413793103448275,0.05,4,4,1.9323198806279038
gaussian,0.8689655172413793,0.05,1,1,0.003951180659327255
gaussian,0.8689655172413793,0.05,2,1,0.0
gaussian,0.8689655172413793,0.05,3,1,0.0
gaussian,0.8689655172413793,0.05,4,1,0.0
gaussian,0.8689655172413793,0.05,1,2,0.000229244418491316
gaussian,0.8689655172413793,0.05,2,2,1.3009361992109447
gaussian,0.8689655172413793,0.05,3,2,0.0
gaussian,0.8689655172413793,0.05,4,2,0.0
gaussian,0.8689655172413793,0.05,1,3,0.0
gaussian,0.8689655172413793,0.05,2,3,0.0
gaussian,0.8689655172413793,0.05,3,3,2.6889867530841842
gaussian,0.8689655172413793,0.05,4,3,0.0
gaussian,0.8689655172413793,0.05,1,4,0.0
gaussian,0.8689655172413793,0.05,2,4,0.0
gaussian,0.8689655172413793,0.05,3,4,-1.9051288624460702e-17
gaussian,0.8689655172413793,0.05,4,4,1.9014007676266218
gaussian,0.896551724137931,0.05,1,1,0.003951180659327255
gaussian,0.896551724137931,0.05,2,1,0.0
gaussian,0.896551724137931,0.05,3,1,0.0
gaussian,0.896551724137931,0.05,4,1,0.0
gaussian,0.896551724137931,0.05,1,2,0.000229244418491316
gaussian,0.896551724137931,0.05,2,2,1.3009361992109447
gaussian,0.896551724137931,0.05,3,2,0.0
gaussian,0.896551724137931,0.05,4,2,0.0
gaussian,0.896551724137931,0.05,1,3,0.0
gaussian,0.896551724137931,0.05,2,3,0.0
gaussian,0.896551724137931,0.05,3,3,2.647294510861754
gaussian,0.896551724137931,0.05,4,3,0.0
gaussian,0.896551724137931,0.05,1,4,0.0
gaussian,0.896551724137931,0.05,2,4,0.0
gaussian,0.896551724137931,0.05,3,4,8.900595308588012e-18
gaussian,0.896551724137931,0.05,4,4,1.8719199004282716
gaussian,0.9241379310344827,0.05,1,1,0.003951180659327255
gaussian,0.9241379310344827,0.05,2,1,0.0
gaussian,0.9241379310344827,0.05,3,1,0.0
gaussian,0.9241379310344827,0.05,4,1,0.0
gaussian,0.9241379310344827,0.05,1,2,0.000229244418491316
gaussian,0.9241379310344827,0.05,2,2,1.3009361992109447
gaussian,0.9241379310344827,0.05,3,2,0.0
gaussian,0.9241379310344827,0.05,4,2,0.0
gaussian,0.9241379310344827,0.05,1,3,0.0
gaussian,0.9241379310344827,0.05,2,3,0.0
gaussian,0.9241379310344827,0.05,3,3,2.6074833030490154
gaussian,0.9241379310344827,0.05,4,3,0.0
gaussian,0.9241379310344827,0.05,1,4,0.0
gaussian,0.9241379310344827,0.05,2,4,0.0
gaussian,0.9241379310344827,0.05,3,4,1.0263182010501513e-16
gaussian,0.9241379310344827,0.05,4,4,1.8437691254166564
gaussian,0.9517241379310344,0.05,1,1,0.003951180659327255
gaussian,0.9517241379310344,0.05,2,1,0.0
gaussian,0.9517241379310344,0.05,3,1,0.0
gaussian,0.9517241379310344,0.05,4,1,0.0
gaussian,0.9517241379310344,0.05,1,2,0.000229244418491316
gaussian,0.9517241379310344,0.05,2,2,1.3009361992109447
gaussian,0.9517241379310344,0.05,3,2,0.0
gaussian,0.9517241379310344,0.05,4,2,0.0
gaussian,0.9517241379310344,0.05,1,3,0.0
gaussian,0.9517241379310344,0.05,2,3,0.0
gaussian,0.9517241379310344,0.05,3,3,2.569415810134642
gaussian,0.9517241379310344,0.05,4,3,0.0
gaussian,0.9517241379310344,0.05,1,4,0.0
gaussian,0.9517241379310344,0.05,2,4,0.0
gaussian,0.9517241379310344,0.05,3,4,5.876665245926438e-17
gaussian,0.9517241379310344,0.05,4,4,1.816851343034132
gaussian,0.9793103448275862,0.05,1,1,0.003951180659327255
gaussian,0.9793103448275862,0.05,2,1,0.0
gaussian,0.9793103448275862,0.05,3,1,0.0
gaussian,0.9793103448275862,0.05,4,1,0.0
gaussian,0.9793103448275862,0.05,1,2,0.000229244418491316
gaussian,0.9793103448275862,0.05,2,2,1.3009361992109447
gaussian,0.9793103448275862,0.05,3,2,0.0
gaussian,0.9793103448275862,0.05,4,2,0.0
gaussian,0.9793103448275862,0.05,1,3,0.0
gaussian,0.9793103448275862,0.05,2,3,0.0
gaussian,0.9793103448275862,0.05,3,3,2.5329683493363513
gaussian,0.9793103448275862,0.05,4,3,0.0
gaussian,0.9793103448275862,0.05,1,4,0.0
gaussian,0.9793103448275862,0.05,2,4,0.0
gaussian,0.9793103448275862,0.05,3,4,5.831090626765057e-17
gaussian,0.9793103448275862,0.05,4,4,1.7910790963466305
gaussian,1.0068965517241377,0.05,1,1,0.003951180659327255
gaussian,1.0068965517241377,0.05,2,1,0.0
gaussian,1.0068965517241377,0.05,3,1,0.0
gaussian,1.0068965517241377,0.05,4,1,0.0
gaussian,1.0068965517241377,0.05,1,2,0.000229244418491316
gaussian,1.0068965517241377,0.05,2,2,1.3009361992109447
gaussian,1.0068965517241377,0.05,3,2,0.0
gaussian,1.0068965517241377,0.05,4,2,0.0
gaussian,1.0068965517241377,0.05,1,3,0.0
gaussian,1.0068965517241377,0.05,2,3,0.0
gaussian,1.0068965517241377,0.05,3,3,2.498029181450246
gaussian,1.0068965517241377,0.05,4,3,0.0
gaussian,1.0068965517241377,0.05,1,4,0.0
gaussian,1.0068965517241377,0.05,2,4,0.0
gaussian,1.0068965517241377,0.05,3,4,1.0498742518664581e-17
gaussian,1.0068965517241377,0.05,4,4,1.7663733738053495
gaussian,1.0344827586206895,0.05,1,1,0.003951180659327255
gaussian,1.0344827586206895,0.05,2,1,0.0
gaussian,1.0344827586206895,0.05,3,1,0.0
gaussian,1.0344827586206895,0.05,4,1,0.0
gaussian,1.0344827586206895,0.05,1,2,0.000229244418491316
gaussian,1.0344827586206895,0.05,2,2,1.3009361992109447
gaussian,1.0344827586206895,0.05,3,2,0.0
gaussian,1.0344827586206895,0.05,4,2,0.0
gaussian,1.0344827586206895,0.05,1,3,0.0
gaussian,1.0344827586206895,0.05,2,3,0.0
gaussian,1.0344827586206895,0.05,3,3,2.4644970677483604
gaussian,1.0344827586206895,0.05,4,3,0.0
gaussian,1.0344827586206895,0.05,1,4,0.0
gaussian,1.0344827586206895,0.05,2,4,0.0
gaussian,1.0344827586206895,0.05,3,4,-2.3147731432810052e-17
gaussian,1.0344827586206895,0.05,4,4,1.742662588819228
gaussian,1.0620689655172413,0.05,1,1,0.003951180659327255
gaussian,1.0620689655172413,0.05,2,1,0.0
gaussian,1.0620689655172413,0.05,3,1,0.0
gaussian,1.0620689655172413,0.05,4,1,0.0
gaussian,1.0620689655172413,0.05,1,2,0.000229244418491316
gaussian,1.0620689655172413,0.05,2,2,1.3009361992109447
gaussian,1.0620689655172413,0.05,3,2,0.0
gaussian,1.0620689655172413,0.05,4,2,0.0
gaussian,1.0620689655172413,0.05,1,3,0.0
gaussian,1.0620689655172413,0.05,2,3,0.0
gaussian,1.0620689655172413,0.05,3,3,2.4322800344226216
gaussian,1.0620689655172413,0.05,4,3,0.0
gaussian,1.0620689655172413,0.05,1,4,0.0
gaussian,1.0620689655172413,0.05,2,4,0.0
gaussian,1.0620689655172413,0.05,3,4,-3.8241569367563304e-18
gaussian,1.0620689655172413,0.05,4,4,1.7198817060848852
gaussian,1.089655172413793,0.05,1,1,0.003951180659327255
gaussian,1.089655172413793,0.05,2,1,0.0
gaussian,1.089655172413793,0.05,3,1,0.0
gaussian,1.089655172413793,0.05,4,1,0.0
gaussian,1.089655172413793,0.05,1,2,0.000229244418491316
gaussian,1.089655172413793,0.05,2,2,1.3009361992109447
gaussian,1.089655172413793,0.05,3,2,0.0
gaussian,1.089655172413793,0.05,4,2,0.0
gaussian,1.089655172413793,0.05,1,3,0.0
gaussian,1.089655172413793,0.05,2,3,0.0
gaussian,1.089655172413793,0.05,3,3,2.401294310196857
gaussian,1.089655172413793,0.05,4,3,0.0
gaussian,1.089655172413793,0.05,1,4,0.0
gaussian,1.089655172413793,0.05,2,4,0.0
gaussian,1.089655172413793,0.05,3,4,-5.0789878620030043e-17
gaussian,1.089655172413793,0.05,4,4,1.697971490364871
gaussian,1.1172413793103448,0.05,1,1,0.003951180659327255
gaussian,1.1172413793103448,0.05,2,1,0.0
gaussian,1.1172413793103448,0.05,3,1,0.0
gaussian,1.1172413793103448,0.05,4,1,0.0
gaussian,1.1172413793103448,0.05,1,2,0.000229244418491316
gaussian,1.1172413793103448,0.05,2,2,1.3009361992109447
gaussian,1.1172413793103448,0.05,3,2,0.0
gaussian,1.1172413793103448,0.05,4,2,0.0
gaussian,1.1172413793103448,0.05,1,3,0.0
gaussian,1.1172413793103448,0.05,2,3,0.0
gaussian,1.1172413793103448,0.05,3,3,2.3714634091359317
gaussian,1.1172413793103448,0.05,4,3,0.0
gaussian,1.1172413793103448,0.05,1,4,0.0
gaussian,1.1172413793103448,0.05,2,4,0.0
gaussian,1.1172413793103448,0.05,3,4,-1.7891079124743276e-17
gaussian,1.1172413793103448,0.05,4,4,1.676877857935785
gaussian,1.1448275862068966,0.05,1,1,0.003951180659327255
gaussian,1.1448275862068966,0.05,2,1,0.0
gaussian,1.1448275862068966,0.05,3,1,0.0
gaussian,1.1448275862068966,0.05,4,1,0.0
gaussian,1.1448275862068966,0.05,1,2,0.000229244418491316
gaussian,1.1448275862068966,0.05,2,2,1.3009361992109447
gaussian,1.1448275862068966,0.05,3,2,0.0
gaussian,1.1448275862068966,0.05,4,2,0.0
gaussian,1.1448275862068966,0.05,1,3,0.0
gaussian,1.1448275862068966,0.05,2,3,0.0
gaussian,1.1448275862068966,0.05,3,3,2.342717335767905
gaussian,1.1448275862068966,0.05,4,3,0.0
gaussian,1.1448275862068966,0.05,1,4,0.0
gaussian,1.1448275862068966,0.05,2,4,0.0
gaussian,1.1448275862068966,0.05,3,4,4.326618299262508e-17
gaussian,1.1448275862068966,0.05,4,4,1.6565513145247677
gaussian,1.1724137931034482,0.05,1,1,0.003951180659327255
gaussian,1.1724137931034482,0.05,2,1,0.0
gaussian,1.1724137931034482,0.05,3,1,0.0
gaussian,1.1724137931034482,0.05,4,1,0.0
gaussian,1.1724137931034482,0.05,1,2,0.000229244418491316
gaussian,1.1724137931034482,0.05,2,2,1.3009361992109447
gaussian,1.1724137931034482,0.05,3,2,0.0
gaussian,1.1724137931034482,0.05,4,2,0.0
gaussian,1.1724137931034482,0.05,1,3,0.0
gaussian,1.1724137931034482,0.05,2,3,0.0
gaussian,1.1724137931034482,0.05,3,3,2.3149918936982203
gaussian,1.1724137931034482,0.05,4,3,0.0
gaussian,1.1724137931034482,0.05,1,4,0.0
gaussian,1.1724137931034482,0.05,2,4,0.0
gaussian,1.1724137931034482,0.05,3,4,7.757644929949389e-17
gaussian,1.1724137931034482,0.05,4,4,1.6369464664258995
gaussian,1.2,0.05,1,1,0.003951180659327255
gaussian,1.2,0.05,2,1,0.0
gaussian,1.2,0.05,3,1,0.0
gaussian,1.2,0.05,4,1,0.0
gaussian,1.2,0.05,1,2,0.000229244418491316
gaussian,1.2,0.05,2,2,1.3009361992109447
gaussian,1.2,0.05,3,2,0.0
gaussian,1.2,0.05,4,2,0.0
gaussian,1.2,0.05,1,3,0.0
gaussian,1.2,0.05,2,3,0.0
gaussian,1.2,0.05,3,3,2.288228082159423
gaussian,1.2,0.05,4,3,0.0
gaussian,1.2,0.05,1,4,0.0
gaussian,1.2,0.05,2,4,0.0
gaussian,1.2,0.05,3,4,-4.0516254569152406e-17
gaussian,1.2,0.05,4,4,1.6180215937964153
gaussian,0.4,0.1,1,1,0.0032947522758726457
gaussian,0.4,0.1,2,1,0.0
gaussian,0.4,0.1,3,1,0.0
gaussian,0.4,0.1,4,1,0.0
gaussian,0.4,0.1,1,2,-0.00010952109151236431
gaussian,0.4,0.1,2,2,1.2994694288295976
gaussian,0.4,0.1,3,2,0.0
gaussian,0.4,0.1,4,2,0.0
gaussian,0.4,0.1,1,3,0.0
gaussian,0.4,0.1,2,3,0.0
gaussian,0.4,0.1,3,3,3.96332729760601
gaussian,0.4,0.1,4,3,0.0
gaussian,0.4,0.1,1,4,0.0
gaussian,0.4,0.1,2,4,0.0
gaussian,0.4,0.1,3,4,9.450323565012315e-17
gaussian,0.4,0.1,4,4,2.8024956081989663
gaussian,0.42758620689655175,0.1,1,1,0.0032947522758726457
gaussian,0.42758620689655175,0.1,2,1,0.0
gaussian,0.42758620689655175,0.1,3,1,0.0
gaussian,0.42758620689655175,0.1,4,1,0.0
gaussian,0.42758620689655175,0.1,1,2,-0.00010952109151236431
gaussian,0.42758620689655175,0.1,2,2,1.2994694288295976
gaussian,0.42758620689655175,0.1,3,2,0.0
gaussian,0.42758620689655175,0.1,4,2,0.0
gaussian,0.42758620689655175,0.1,1,3,0.0
gaussian,0.42758620689655175,0.1,2,3,0.0
gaussian,0.42758620689655175,0.1,3,3,3.83334661658974
gaussian,0.42758620689655175,0.1,4,3,0.0
gaussian,0.42758620689655175,0.1,1,4,0.0
gaussian,0.42758620689655175,0.1,2,4,0.0
gaussian,0.42758620689655175,0.1,3,4,-2.964667411175558e-18
gaussian,0.42758620689655175,0.1,4,4,2.7105853872291137
gaussian,0.45517241379310347,0.1,1,1,0.0032947522758726457
gaussian,0.45517241379310347,0.1,2,1,0.0
gaussian,0.45517241379310347,0.1,3,1,0.0
gaussian,0.45517241379310347,0.1,4,1,0.0
gaussian,0.45517241379310347,0.1,1,2,-0.00010952109151236431
gaussian,0.45517241379310347,0.1,2,2,1.2994694288295976
gaussian,0.45517241379310347,0.1,3,2,0.0
gaussian,0.45517241379310347,0.1,4,2,0.0
gaussian,0.45517241379310347,0.1,1,3,0.0
gaussian,0.45517241379310347,0.1,2,3,0.0
gaussian,0.45517241379310347,0.1,3,3,3.715369123023821
gaussian,0.45517241379310347,0.1,4,3,0.0
gaussian,0.45517241379310347,0.1,1,4,0.0
gaussian,0.45517241379310347,0.1,2,4,0.0
gaussian,0.45517241379310347,0.1,3,4,5.869987537730162e-17
gaussian,0.45517241379310347,0.1,4,4,2.6271627015012586
gaussian,0.4827586206896552,0.1,1,1,0.0032947522758726457
gaussian,0.4827586206896552,0.1,2,1,0.0
gaussian,0.4827586206896552,0.1,3,1,0.0
gaussian,0.4827586206896552,0.1,4,1,0.0
gaussian,0.4827586206896552,0.1,1,2,-0.00010952109151236431
gaussian,0.4827586206896552,0.1,2,2,1.2994694288295976
gaussian,0.4827586206896552,0.1,3,2,0.0
gaussian,0.4827586206896552,0.1,4,2,0.0
gaussian,0.4827586206896552,0.1,1,3,0.0
gaussian,0.4827586206896552,0.1,2,3,0.0
gaussian,0.4827586206896552,0.1,3,3,3.607654302295606
gaussian,0.4827586206896552,0.1,4,3,0.0
gaussian,0.4827586206896552,0.1,1,4,0.0
gaussian,0.4827586206896552,0.1,2,4,0.0
gaussian,0.4827586206896552,0.1,3,4,4.985709750456943e-17
gaussian,0.4827586206896552,0.1,4,4,2.5509968213300445
gaussian,0.5103448275862069,0.1,1,1,0.0032947522758726457
gaussian,0.5103448275862069,0.1,2,1,0.0
gaussian,0.5103448275862069,0.1,3,1,0.0
gaussian,0.5103448275862069,0.1,4,1,0.0
gaussian,0.5103448275862069,0.1,1,2,-0.00010952109151236431
gaussian,0.5103448275862069,0.1,2,2,1.2994694288295976
gaussian,0.5103448275862069,0.1,3,2,0.0
gaussian,0.5103448275862069,0.1,4,2,0.0
gaussian,0.5103448275862069,0.1,1,3,0.0
gaussian,0.5103448275862069,0.1,2,3,0.0
gaussian,0.5103448275862069,0.1,3,3,3.508795646042917
gaussian,0.5103448275862069,0.1,4,3,0.0
gaussian,0.5103448275862069,0.1,1,4,0.0
gaussian,0.5103448275862069,0.1,2,4,0.0
gaussian,0.5103448275862069,0.1,3,4,4.852585019837355e-17
gaussian,0.5103448275862069,0.1,4,4,2.481093195114779
gaussian,0.5379310344827586,0.1,1,1,0.0032947522758726457
gaussian,0.5379310344827586,0.1,2,1,0.0
gaussian,0.5379310344827586,0.1,3,1,0.0
gaussian,0.5379310344827586,0.1,4,1,0.0
gaussian,0.5379310344827586,0.1,1,2,-0.00010952109151236431
gaussian,0.5379310344827586,0.1,2,2,1.2994694288295976
gaussian,0.5379310344827586,0.1,3,2,0.0
gaussian,0.5379310344827586,0.1,4,2,0.0
gaussian,0.5379310344827586,0.1,1,3,0.0
gaussian,0.5379310344827586,0.1,2,3,0.0
gaussian,0.5379310344827586,0.1,3,3,3.417642517691294
gaussian,0.5379310344827586,0.1,4,3,0.0
gaussian,0.5379310344827586,0.1,1,4,0.0
gaussian,0.5379310344827586,0.1,2,4,0.0
gaussian,0.5379310344827586,0.1,3,4,2.214595275079036e-16
gaussian,0.5379310344827586,0.1,4,4,2.41663819993098
gaussian,0.5655172413793104,0.1,1,1,0.0032947522758726457
gaussian,0.5655172413793104,0.1,2,1,0.0
gaussian,0.5655172413793104,0.1,3,1,0.0
gaussian,0.5655172413793104,0.1,4,1,0.0
gaussian,0.5655172413793104,0.1,1,2,-0.00010952109151236431
gaussian,0.5655172413793104,0.1,2,2,1.2994694288295976
gaussian,0.5655172413793104,0.1,3,2,0.0
gaussian,0.5655172413793104,0.1,4,2,0.0
gaussian,0.5655172413793104,0.1,1,3,0.0
gaussian,0.5655172413793104,0.1,2,3,0.0
gaussian,0.5655172413793104,0.1,3,3,3.333243256073434
gaussian,0.5655172413793104,0.1,4,3,0.0
gaussian,0.5655172413793104,0.1,1,4,0.0
gaussian,0.5655172413793104,0.1,2,4,0.0
gaussian,0.5655172413793104,0.1,3,4,-4.8827760966022923e-17
gaussian,0.5655172413793104,0.1,4,4,2.356958909713853
gaussian,0.593103448275862,0.1,1,1,0.0032947522758726457
gaussian,0.593103448275862,0.1,2,1,0.0
gaussian,0.593103448275862,0.1,3,1,0.0
gaussian,0.593103448275862,0.1,4,1,0.0
gaussian,0.593103448275862,0.1,1,2,-0.00010952109151236431
gaussian,0.593103448275862,0.1,2,2,1.2994694288295976
gaussian,0.593103448275862,0.1,3,2,0.0
gaussian,0.593103448275862,0.1,4,2,0.0
gaussian,0.593103448275862,0.1,1,3,0.0
gaussian,0.593103448275862,0.1,2,3,0.0
gaussian,0.593103448275862,0.1,3,3,3.2548030154038297
gaussian,0.593103448275862,0.1,4,3,0.0
gaussian,0.593103448275862,0.1,1,4,0.0
gaussian,0.593103448275862,0.1,2,4,0.0
gaussian,0.593103448275862,0.1,3,4,3.118702262019898e-17
gaussian,0.593103448275862,0.1,4,4,2.3014932836184716
gaussian,0.6206896551724138,0.1,1,1,0.0032947522758726457
gaussian,0.6206896551724138,0.1,2,1,0.0
gaussian,0.6206896551724138,0.1,3,1,0.0
gaussian,0.6206896551724138,0.1,4,1,0.0
gaussian,0.6206896551724138,0.1,1,2,-0.00010952109151236431
gaussian,0.6206896551724138,0.1,2,2,1.2994694288295976
gaussian,0.6206896551724138,0.1,3,2,0.0
gaussian,0.6206896551724138,0.1,4,2,0.0
gaussian,0.6206896551724138,0.1,1,3,0.0
gaussian,0.6206896551724138,0.1,2,3,0.0
gaussian,0.6206896551724138,0.1,3,3,3.1816520333888043
gaussian,0.6206896551724138,0.1,4,3,0.0
gaussian,0.6206896551724138,0.1,1,4,0.0
gaussian,0.6206896551724138,0.1,2,4,0.0
gaussian,0.6206896551724138,0.1,3,4,6.0837714944798865e-18
gaussian,0.6206896551724138,0.1,4,4,2.249767728185191
gaussian,0.6482758620689655,0.1,1,1,0.0032947522758726457
gaussian,0.6482758620689655,0.1,2,1,0.0
gaussian,0.6482758620689655,0.1,3,1,0.0
gaussian,0.6482758620689655,0.1,4,1,0.0
gaussian,0.6482758620689655,0.1,1,2,-0.00010952109151236431
gaussian,0.6482758620689655,0.1,2,2,1.2994694288295976
gaussian,0.6482758620689655,0.1,3,2,0.0
gaussian,0.6482758620689655,0.1,4,2,0.0
gaussian,0.6482758620689655,0.1,1,3,0.0
gaussian,0.6482758620689655,0.1,2,3,0.0
gaussian,0.6482758620689655,0.1,3,3,3.113221410100628
gaussian,0.6482758620689655,0.1,4,3,0.0
gaussian,0.6482758620689655,0.1,1,4,0.0
gaussian,0.6482758620689655,0.1,2,4,0.0
gaussian,0.6482758620689655,0.1,3,4,-2.4953085235084423e-17
gaussian,0.6482758620689655,0.1,4,4,2.2013799704172983
gaussian,0.6758620689655173,0.1,1,1,0.0032947522758726457
gaussian,0.6758620689655173,0.1,2,1,0.0
gaussian,0.6758620689655173,0.1,3,1,0.0
gaussian,0.6758620689655173,0.1,4,1,0.0
gaussian,0.6758620689655173,0.1,1,2,-0.00010952109151236431
gaussian,0.6758620689655173,0.1,2,2,1.2994694288295976
gaussian,0.6758620689655173,0.1,3,2,0.0
gaussian,0.6758620689655173,0.1,4,2,0.0
gaussian,0.6758620689655173,0.1,1,3,0.0
gaussian,0.6758620689655173,0.1,2,3,0.0
gaussian,0.6758620689655173,0.1,3,3,3.04902438317477
gaussian,0.6758620689655173,0.1,4,3,0.0
gaussian,0.6758620689655173,0.1,1,4,0.0
gaussian,0.6758620689655173,0.1,2,4,0.0
gaussian,0.6758620689655173,0.1,3,4,-6.829029173791205e-18
gaussian,0.6758620689655173,0.1,4,4,2.1559858173460094
gaussian,0.7034482758620689,0.1,1,1,0.0032947522758726457
gaussian,0.7034482758620689,0.1,2,1,0.0
gaussian,0.7034482758620689,0.1,3,1,0.0
gaussian,0.7034482758620689,0.1,4,1,0.0
gaussian,0.7034482758620689,0.1,1,2,-0.00010952109151236431
gaussian,0.7034482758620689,0.1,2,2,1.2994694288295976
gaussian,0.7034482758620689,0.1,3,2,0.0
gaussian,0.7034482758620689,0.1,4,2,0.0
gaussian,0.7034482758620689,0.1,1,3,0.0
gaussian,0.7034482758620689,0.1,2,3,0.0
gaussian,0.7034482758620689,0.1,3,3,2.988641683632793
gaussian,0.7034482758620689,0.1,4,3,0.0
gaussian,0.7034482758620689,0.1,1,4,0.0
gaussian,0.7034482758620689,0.1,2,4,0.0
gaussian,0.7034482758620689,0.1,3,4,-5.219636989367119e-18
gaussian,0.7034482758620689,0.1,4,4,2.11328880103353
gaussian,0.7310344827586206,0.1,1,1,0.0032947522758726457
gaussian,0.7310344827586206,0.1,2,1,0.0
gaussian,0.7310344827586206,0.1,3,1,0.0
gaussian,0.7310344827586206,0.1,4,1,0.0
gaussian,0.7310344827586206,0.1,1,2,-0.00010952109151236431
gaussian,0.7310344827586206,0.1,2,2,1.2994694288295976
gaussian,0.7310344827586206,0.1,3,2,0.0
gaussian,0.7310344827586206,0.1,4,2,0.0
gaussian,0.7310344827586206,0.1,1,3,0.0
gaussian,0.7310344827586206,0.1,2,3,0.0
gaussian,0.7310344827586206,0.1,3,3,2.9317099613633313
gaussian,0.7310344827586206,0.1,4,3,0.0
gaussian,0.7310344827586206,0.1,1,4,0.0
gaussian,0.7310344827586206,0.1,2,4,0.0
gaussian,0.7310344827586206,0.1,3,4,4.318644435836342e-17
gaussian,0.7310344827586206,0.1,4,4,2.0730319941521635
gaussian,0.7586206896551724,0.1,1,1,0.0032947522758726457
gaussian,0.7586206896551724,0.1,2,1,0.0
gaussian,0.7586206896551724,0.1,3,1,0.0
gaussian,0.7586206896551724,0.1,4,1,0.0
gaussian,0.7586206896551724,0.1,1,2,-0.00010952109151236431
gaussian,0.7586206896551724,0.1,2,2,1.2994694288295976
gaussian,0.7586206896551724,0.1,3,2,0.0
gaussian,0.7586206896551724,0.1,4,2,0.0
gaussian,0.7586206896551724,0.1,1,3,0.0
gaussian,0.7586206896551724,0.1,2,3,0.0
gaussian,0.7586206896551724,0.1,3,3,2.8779125476969027
gaussian,0.7586206896551724,0.1,4,3,0.0
gaussian,0.7586206896551724,0.1,1,4,0.0
gaussian,0.7586206896551724,0.1,2,4,0.0
gaussian,0.7586206896551724,0.1,3,4,2.2866727382631133e-17
gaussian,0.7586206896551724,0.1,4,4,2.034991478138334
gaussian,0.7862068965517242,0.1,1,1,0.0032947522758726457
gaussian,0.7862068965517242,0.1,2,1,0.0
gaussian,0.7862068965517242,0.1,3,1,0.0
gaussian,0.7862068965517242,0.1,4,1,0.0
gaussian,0.7862068965517242,0.1,1,2,-0.00010952109151236431
gaussian,0.7862068965517242,0.1,2,2,1.2994694288295976
gaussian,0.7862068965517242,0.1,3,2,0.0
gaussian,0.7862068965517242,0.1,4,2,0.0
gaussian,0.7862068965517242,0.1,1,3,0.0
gaussian,0.7862068965517242,0.1,2,3,0.0
gaussian,0.7862068965517242,0.1,3,3,2.8269720170966885
gaussian,0.7862068965517242,0.1,4,3,0.0
gaussian,0.7862068965517242,0.1,1,4,0.0
gaussian,0.7862068965517242,0.1,2,4,0.0
gaussian,0.7862068965517242,0.1,3,4,-5.4051098056814195e-17
gaussian,0.7862068965517242,0.1,4,4,1.9989710835136811
gaussian,0.8137931034482758,0.1,1,1,0.0032947522758726457
gaussian,0.8137931034482758,0.1,2,1,0.0
gaussian,0.8137931034482758,0.1,3,1,0.0
gaussian,0.8137931034482758,0.1,4,1,0.0
gaussian,0.8137931034482758,0.1,1,2,-0.00010952109151236431
gaussian,0.8137931034482758,0.1,2,2,1.2994694288295976
gaussian,0.8137931034482758,0.1,3,2,0.0
gaussian,0.8137931034482758,0.1,4,2,0.0
gaussian,0.8137931034482758,0.1,1,3,0.0
gaussian,0.8137931034482758,0.1,2,3,0.0
gaussian,0.8137931034482758,0.1,3,3,2.7786441479965105
gaussian,0.8137931034482758,0.1,4,3,0.0
gaussian,0.8137931034482758,0.1,1,4,0.0
gaussian,0.8137931034482758,0.1,2,4,0.0
gaussian,0.8137931034482758,0.1,3,4,9.215946768111057e-18
gaussian,0.8137931034482758,0.1,4,4,1.9647981195526494
gaussian,0.8413793103448275,0.1,1,1,0.0032947522758726457
gaussian,0.8413793103448275,0.1,2,1,0.0
gaussian,0.8413793103448275,0.1,3,1,0.0
gaussian,0.8413793103448275,0.1,4,1,0.0
gaussian,0.8413793103448275,0.1,1,2,-0.00010952109151236431
gaussian,0.8413793103448275,0.1,2,2,1.2994694288295976
gaussian,0.8413793103448275,0.1,3,2,0.0
gaussian,0.8413793103448275,0.1,4,2,0.0
gaussian,0.8413793103448275,0.1,1,3,0.0
gaussian,0.8413793103448275,0.1,2,3,0.0
gaussian,0.8413793103448275,0.1,3,3,2.732712982027142
gaussian,0.8413793103448275,0.1,4,3,0.0
gaussian,0.8413793103448275,0.1,1,4,0.0
gaussian,0.8413793103448275,0.1,2,4,0.0
gaussian,0.8413793103448275,0.1,3,4,2.18479730103491e-17
gaussian,0.8413793103448275,0.1,4,4,1.9323198806279038
gaussian,0.8689655172413793,0.1,1,1,0.0032947522758726457
gaussian,0.8689655172413793,0.1,2,1,0.0
gaussian,0.8689655172413793,0.1,3,1,0.0
gaussian,0.8689655172413793,0.1,4,1,0.0
gaussian,0.8689655172413793,0.1,1,2,-0.00010952109151236431
gaussian,0.8689655172413793,0.1,2,2,1.2994694288295976
gaussian,0.8689655172413793,0.1,3,2,0.0
gaussian,0.8689655172413793,0.1,4,2,0.0
gaussian,0.8689655172413793,0.1,1,3,0.0
gaussian,0.8689655172413793,0.1,2,3,0.0
gaussian,0.8689655172413793,0.1,3,3,2.6889867530841842
gaussian,0.8689655172413793,0.1,4,3,0.0
gaussian,0.8689655172413793,0.1,1,4,0.0
gaussian,0.8689655172413793,0.1,2,4,0.0
gaussian,0.8689655172413793,0.1,3,4,-1.9051288624460702e-17
gaussian,0.8689655172413793,0.1,4,4,1.9014007676266218
gaussian,0.896551724137931,0.1,1,1,0.0032947522758726457
gaussian,0.896551724137931,0.1,2,1,0.0
gaussian,0.896551724137931,0.1,3,1,0.0
gaussian,0.896551724137931,0.1,4,1,0.0
gaussian,0.896551724137931,0.1,1,2,-0.00010952109151236431
gaussian,0.896551724137931,0.1,2,2,1.2994694288295976
gaussian,0.896551724137931,0.1,3,2,0.0
gaussian,0.896551724137931,0.1,4,2,0.0
gaussian,0.896551724137931,0.1,1,3,0.0
gaussian,0.896551724137931,0.1,2,3,0.0
gaussian,0.896551724137931,0.1,3,3,2.647294510861754
gaussian,0.896551724137931,0.1,4,3,0.0
gaussian,0.896551724137931,0.1,1,4,0.0
gaussian,0.896551724137931,0.1,2,4,0.0
gaussian,0.896551724137931,0.1,3,4,8.900595308588012e-18
gaussian,0.896551724137931,0.1,4,4,1.8719199004282716
gaussian,0.9241379310344827,0.1,1,1,0.0032947522758726457
gaussian,0.9241379310344827,0.1,2,1,0.0
gaussian,0.9241379310344827,0.1,3,1,0.0
gaussian,0.9241379310344827,0.1,4,1,0.0
gaussian,0.9241379310344827,0.1,1,2,-0.00010952109151236431
gaussian,0.9241379310344827,0.1,2,2,1.2994694288295976
gaussian,0.9241379310344827,0.1,3,2,0.0
gaussian,0.9241379310344827,0.1,4,2,0.0
gaussian,0.9241379310344827,0.1,1,3,0.0
gaussian,0.9241379310344827,0.1,2,3,0.0
gaussian,0.9241379310344827,0.1,3,3,2.6074833030490154
gaussian,0.9241379310344827,0.1,4,3,0.0
gaussian,0.9241379310344827,0.1,1,4,0.0
gaussian,0.9241379310344827,0.1,2,4,0.0
gaussian,0.9241379310344827,0.1,3,4,1.0263182010501513e-16
gaussian,0.9241379310344827,0.1,4,4,1.8437691254166564
gaussian,0.9517241379310344,0.1,1,1,0.0032947522758726457
gaussian,0.9517241379310344,0.1,2,1,0.0
gaussian,0.9517241379310344,0.1,3,1,0.0
gaussian,0.9517241379310344,0.1,4,1,0.0
gaussian,0.9517241379310344,0.1,1,2,-0.00010952109151236431
gaussian,0.9517241379310344,0.1,2,2,1.2994694288295976
gaussian,0.9517241379310344,0.1,3,2,0.0
gaussian,0.9517241379310344,0.1,4,2,0.0
gaussian,0.9517241379310344,0.1,1,3,0.0
gaussian,0.9517241379310344,0.1,2,3,0.0
gaussian,0.9517241379310344,0.1,3,3,2.569415810134642
gaussian,0.9517241379310344,0.1,4,3,0.0
gaussian,0.9517241379310344,0.1,1,4,0.0
gaussian,0.9517241379310344,0.1,2,4,0.0
gaussian,0.9517241379310344,0.1,3,4,5.876665245926438e-17
gaussian,0.9517241379310344,0.1,4,4,1.816851343034132
gaussian,0.9793103448275862,0.1,1,1,0.0032947522758726457
gaussian,0.9793103448275862,0.1,2,1,0.0
gaussian,0.9793103448275862,0.1,3,1,0.0
gaussian,0.9793103448275862,0.1,4,1,0.0
gaussian,0.9793103448275862,0.1,1,2,-0.00010952109151236431
gaussian,0.9793103448275862,0.1,2,2,1.2994694288295976
gaussian,0.9793103448275862,0.1,3,2,0.0
gaussian,0.9793103448275862,0.1,4,2,0.0
gaussian,0.9793103448275862,0.1,1,3,0.0
gaussian,0.9793103448275862,0.1,2,3,0.0
gaussian,0.9793103448275862,0.1,3,3,2.5329683493363513
gaussian,0.9793103448275862,0.1,4,3,0.0
gaussian,0.9793103448275862,0.1,1,4,0.0
gaussian,0.9793103448275862,0.1,2,4,0.0
gaussian,0.9793103448275862,0.1,3,4,5.831090626765057e-17
gaussian,0.9793103448275862,0.1,4,4,1.7910790963466305
gaussian,1.0068965517241377,0.1,1,1,0.0032947522758726457
gaussian,1.0068965517241377,0.1,2,1,0.0
gaussian,1.0068965517241377,0.1,3,1,0.0
gaussian,1.0068965517241377,0.1,4,1,0.0
gaussian,1.0068965517241377,0.1,1,2,-0.00010952109151236431
gaussian,1.0068965517241377,0.1,2,2,1.2994694288295976
gaussian,1.0068965517241377,0.1,3,2,0.0
gaussian,1.0068965517241377,0.1,4,2,0.0
gaussian,1.0068965517241377,0.1,1,3,0.0
gaussian,1.0068965517241377,0.1,2,3,0.0
gaussian,1.0068965517241377,0.1,3,3,2.498029181450246
gaussian,1.0068965517241377,0.1,4,3,0.0
gaussian,1.0068965517241377,0.1,1,4,0.0
gaussian,1.0068965517241377,0.1,2,4,0.0
gaussian,1.0068965517241377,0.1,3,4,1.0498742518664581e-17
gaussian,1.0068965517241377,0.1,4,4,1.7663733738053495
gaussian,1.0344827586206895,0.1,1,1,0.0032947522758726457
gaussian,1.0344827586206895,0.1,2,1,0.0
gaussian,1.0344827586206895,0.1,3,1,0.0
gaussian,1.0344827586206895,0.1,4,1,0.0
gaussian,1.0344827586206895,0.1,1,2,-0.00010952109151236431
gaussian,1.0344827586206895,0.1,2,2,1.2994694288295976
gaussian,1.0344827586206895,0.1,3,2,0.0
gaussian,1.0344827586206895,0.1,4,2,0.0
gaussian,1.0344827586206895,0.1,1,3,0.0
gaussian,1.0344827586206895,0.1,2,3,0.0
gaussian,1.0344827586206895,0.1,3,3,2.4644970677483604
gaussian,1.0344827586206895,0.1,4,3,0.0
gaussian,1.0344827586206895,0.1,1,4,0.0
gaussian,1.0344827586206895,0.1,2,4,0.0
gaussian,1.0344827586206895,0.1,3,4,-2.3147731432810052e-17
gaussian,1.0344827586206895,0.1,4,4,1.742662588819228
gaussian,1.0620689655172413,0.1,1,1,0.0032947522758726457
gaussian,1.0620689655172413,0.1,2,1,0.0
gaussian,1.0620689655172413,0.1,3,1,0.0
gaussian,1.0620689655172413,0.1,4,1,0.0
gaussian,1.0620689655172413,0.1,1,2,-0.00010952109151236431
gaussian,1.0620689655172413,0.1,2,2,1.2994694288295976
gaussian,1.0620689655172413,0.1,3,2,0.0
gaussian,1.0620689655172413,0.1,4,2,0.0
gaussian,1.0620689655172413,0.1,1,3,0.0
gaussian,1.0620689655172413,0.1,2,3,0.0
gaussian,1.0620689655172413,0.1,3,3,2.4322800344226216
gaussian,1.0620689655172413,0.1,4,3,0.0
gaussian,1.0620689655172413,0.1,1,4,0.0
gaussian,1.0620689655172413,0.1,2,4,0.0
gaussian,1.0620689655172413,0.1,3,4,-3.8241569367563304e-18
gaussian,1.0620689655172413,0.1,4,4,1.7198817060848852
gaussian,1.089655172413793,0.1,1,1,0.0032947522758726457
gaussian,1.089655172413793,0.1,2,1,0.0
gaussian,1.089655172413793,0.1,3,1,0.0
gaussian,1.089655172413793,0.1,4,1,0.0
gaussian,1.089655172413793,0.1,1,2,-0.00010952109151236431
gaussian,1.089655172413793,0.1,2,2,1.2994694288295976
gaussian,1.089655172413793,0.1,3,2,0.0
gaussian,1.089655172413793,0.1,4,2,0.0
gaussian,1.089655172413793,0.1,1,3,0.0
gaussian,1.089655172413793,0.1,2,3,0.0
gaussian,1.089655172413793,0.1,3,3,2.401294310196857
gaussian,1.089655172413793,0.1,4,3,0.0
gaussian,1.089655172413793,0.1,1,4,0.0
gaussian,1.089655172413793,0.1,2,4,0.0
gaussian,1.089655172413793,0.1,3,4,-5.0789878620030043e-17
gaussian,1.089655172413793,0.1,4,4,1.697971490364871
gaussian,1.1172413793103448,0.1,1,1,0.0032947522758726457
gaussian,1.1172413793103448,0.1,2,1,0.0
gaussian,1.1172413793103448,0.1,3,1,0.0
gaussian,1.1172413793103448,0.1,4,1,0.0
gaussian,1.1172413793103448,0.1,1,2,-0.00010952109151236431
gaussian,1.1172413793103448,0.1,2,2,1.2994694288295976
gaussian,1.1172413793103448,0.1,3,2,0.0
gaussian,1.1172413793103448,0.1,4,2,0.0
gaussian,1.1172413793103448,0.1,1,3,0.0
gaussian,1.1172413793103448,0.1,2,3,0.0
gaussian,1.1172413793103448,0.1,3,3,2.3714634091359317
gaussian,1.1172413793103448,0.1,4,3,0.0
gaussian,1.1172413793103448,0.1,1,4,0.0
gaussian,1.1172413793103448,0.1,2,4,0.0
gaussian,1.1172413793103448,0.1,3,4,-1.7891079124743276e-17
gaussian,1.1172413793103448,0.1,4,4,1.676877857935785
gaussian,1.1448275862068966,0.1,1,1,0.0032947522758726457
gaussian,1.1448275862068966,0.1,2,1,0.0
gaussian,1.1448275862068966,0.1,3,1,0.0
gaussian,1.1448275862068966,0.1,4,1,0.0
gaussian,1.1448275862068966,0.1,1,2,-0.00010952109151236431
gaussian,1.1448275862068966,0.1,2,2,1.2994694288295976
gaussian,1.1448275862068966,0.1,3,2,0.0
gaussian,1.1448275862068966,0.1,4,2,0.0
gaussian,1.1448275862068966,0.1,1,3,0.0
gaussian,1.1448275862068966,0.1,2,3,0.0
gaussian,1.1448275862068966,0.1,3,3,2.342717335767905
gaussian,1.1448275862068966,0.1,4,3,0.0
gaussian,1.1448275862068966,0.1,1,4,0.0
gaussian,1.1448275862068966,0.1,2,4,0.0
gaussian,1.1448275862068966,0.1,3,4,4.326618299262508e-17
gaussian,1.1448275862068966,0.1,4,4,1.6565513145247677
gaussian,1.1724137931034482,0.1,1,1,0.0032947522758726457
gaussian,1.1724137931034482,0.1,2,1,0.0
gaussian,1.1724137931034482,0.1,3,1,0.0
gaussian,1.1724137931034482,0.1,4,1,0.0
gaussian,1.1724137931034482,0.1,1,2,-0.00010952109151236431
gaussian,1.1724137931034482,0.1,2,2,1.2994694288295976
gaussian,1.1724137931034482,0.1,3,2,0.0
gaussian,1.1724137931034482,0.1,4,2,0.0
gaussian,1.1724137931034482,0.1,1,3,0.0
gaussian,1.1724137931034482,0.1,2,3,0.0
gaussian,1.1724137931034482,0.1,3,3,2.3149918936982203
gaussian,1.1724137931034482,0.1,4,3,0.0
gaussian,1.1724137931034482,0.1,1,4,0.0
gaussian,1.1724137931034482,0.1,2,4,0.0
gaussian,1.1724137931034482,0.1,3,4,7.757644929949389e-17
gaussian,1.1724137931034482,0.1,4,4,1.6369464664258995
gaussian,1.2,0.1,1,1,0.0032947522758726457
gaussian,1.2,0.1,2,1,0.0
gaussian,1.2,0.1,3,1,0.0
gaussian,1.2,0.1,4,1,0.0
gaussian,1.2,0.1,1,2,-0.00010952109151236431
gaussian,1.2,0.1,2,2,1.2994694288295976
gaussian,1.2,0.1,3,2,0.0
gaussian,1.2,0.1,4,2,0.0
gaussian,1.2,0.1,1,3,0.0
gaussian,1.2,0.1,2,3,0.0
gaussian,1.2,0.1,3,3,2.288228082159423
gaussian,1.2,0.1,4,3,0.0
gaussian,1.2,0.1,1,4,0.0
gaussian,1.2,0.1,2,4,0.0
gaussian,1.2,0.1,3,4,-4.0516254569152406e-17
gaussian,1.2,0.1,4,4,1.6180215937964153
gaussian,0.6,0.0,1,1,0.004320349557901434
gaussian,0.6,0.0,2,1,0.0
gaussian,0.6,0.0,3,1,0.0
gaussian,0.6,0.0,4,1,0.0
gaussian,0.6,0.0,1,2,0.00038520718708027937
gaussian,0.6,0.0,2,2,1.303904215194623
gaussian,0.6,0.0,3,2,0.0
gaussian,0.6,0.0,4,2,0.0
gaussian,0.6,0.0,1,3,0.0
gaussian,0.6,0.0,2,3,0.0
gaussian,0.6,0.0,3,3,3.236043187592833
gaussian,0.6,0.0,4,3,0.0
gaussian,0.6,0.0,1,4,0.0
gaussian,0.6,0.0,2,4,0.0
gaussian,0.6,0.0,3,4,1.3580302666391887e-16
gaussian,0.6,0.0,4,4,2.2882280821594216
gaussian,0.6,0.05,1,1,0.003951180659327255
gaussian,0.6,0.05,2,1,0.0
gaussian,0.6,0.05,3,1,0.0
gaussian,0.6,0.05,4,1,0.0
gaussian,0.6,0.05,1,2,0.000229244418491316
gaussian,0.6,0.05,2,2,1.3009361992109447
gaussian,0.6,0.05,3,2,0.0
gaussian,0.6,0.05,4,2,0.0
gaussian,0.6,0.05,1,3,0.0
gaussian,0.6,0.05,2,3,0.0
gaussian,0.6,0.05,3,3,3.236043187592833
gaussian,0.6,0.05,4,3,0.0
gaussian,0.6,0.05,1,4,0.0
gaussian,0.6,0.05,2,4,0.0
gaussian,0.6,0.05,3,4,1.3580302666391887e-16
gaussian,0.6,0.05,4,4,2.2882280821594216
gaussian,0.6,0.1,1,1,0.0032947522758726457
gaussian,0.6,0.1,2,1,0.0
gaussian,0.6,0.1,3,1,0.0
gaussian,0.6,0.1,4,1,0.0
gaussian,0.6,0.1,1,2,-0.00010952109151236431
gaussian,0.6,0.1,2,2,1.2994694288295976
gaussian,0.6,0.1,3,2,0.0
gaussian,0.6,0.1,4,2,0.0
gaussian,0.6,0.1,1,3,0.0
gaussian,0.6,0.1,2,3,0.0
gaussian,0.6,0.1,3,3,3.236043187592833
gaussian,0.6,0.1,4,3,0.0
gaussian,0.6,0.1,1,4,0.0
gaussian,0.6,0.1,2,4,0.0
gaussian,0.6,0.1,3,4,1.3580302666391887e-16
gaussian,0.6,0.1,4,4,2.2882280821594216
gaussian,0.8,0.0,1,1,0.004320349557901434
gaussian,0.8,0.0,2,1,0.0
gaussian,0.8,0.0,3,1,0.0
gaussian,0.8,0.0,4,1,0.0
gaussian,0.8,0.0,1,2,0.00038520718708027937
gaussian,0.8,0.0,2,2,1.303904215194623
gaussian,0.8,0.0,3,2,0.0
gaussian,0.8,0.0,4,2,0.0
gaussian,0.8,0.0,1,3,0.0
gaussian,0.8,0.0,2,3,0.0
gaussian,0.8,0.0,3,3,2.8024956081989645
gaussian,0.8,0.0,4,3,0.0
gaussian,0.8,0.0,1,4,0.0
gaussian,0.8,0.0,2,4,0.0
gaussian,0.8,0.0,3,4,7.057783667554575e-17
gaussian,0.8,0.0,4,4,1.9816636488030068
gaussian,0.8,0.05,1,1,0.003951180659327255
gaussian,0.8,0.05,2,1,0.0
gaussian,0.8,0.05,3,1,0.0
gaussian,0.8,0.05,4,1,0.0
gaussian,0.8,0.05,1,2,0.000229244418491316
gaussian,0.8,0.05,2,2,1.3009361992109447
gaussian,0.8,0.05,3,2,0.0
gaussian,0.8,0.05,4,2,0.0
gaussian,0.8,0.05,1,3,0.0
gaussian,0.8,0.05,2,3,0.0
gaussian,0.8,0.05,3,3,2.8024956081989645
gaussian,0.8,0.05,4,3,0.0
gaussian,0.8,0.05,1,4,0.0
gaussian,0.8,0.05,2,4,0.0
gaussian,0.8,0.05,3,4,7.057783667554575e-17
gaussian,0.8,0.05,4,4,1.9816636488030068
gaussian,0.8,0.1,1,1,0.0032947522758726457
gaussian,0.8,0.1,2,1,0.0
gaussian,0.8,0.1,3,1,0.0
gaussian,0.8,0.1,4,1,0.0
gaussian,0.8,0.1,1,2,-0.00010952109151236431
gaussian,0.8,0.1,2,2,1.2994694288295976
gaussian,0.8,0.1,3,2,0.0
gaussian,0.8,0.1,4,2,0.0
gaussian,0.8,0.1,1,3,0.0
gaussian,0.8,0.1,2,3,0.0
gaussian,0.8,0.1,3,3,2.8024956081989645
gaussian,0.8,0.1,4,3,0.0
gaussian,0.8,0.1,1,4,0.0
gaussian,0.8,0.1,2,4,0.0
gaussian,0.8,0.1,3,4,7.057783667554575e-17
gaussian,0.8,0.1,4,4,1.9816636488030068
gaussian,1.0,0.0,1,1,0.004320349557901434
gaussian,1.0,0.0,2,1,0.0
gaussian,1.0,0.0,3,1,0.0
gaussian,1.0,0.0,4,1,0.0
gaussian,1.0,0.0,1,2,0.00038520718708027937
gaussian,1.0,0.0,2,2,1.303904215194623
gaussian,1.0,0.0,3,2,0.0
gaussian,1.0,0.0,4,2,0.0
gaussian,1.0,0.0,1,3,0.0
gaussian,1.0,0.0,2,3,0.0
gaussian,1.0,0.0,3,3,2.5066282746310007
gaussian,1.0,0.0,4,3,0.0
gaussian,1.0,0.0,1,4,0.0
gaussian,1.0,0.0,2,4,0.0
gaussian,1.0,0.0,3,4,1.4657584072767824e-17
gaussian,1.0,0.0,4,4,1.7724538509055163
gaussian,1.0,0.05,1,1,0.003951180659327255
gaussian,1.0,0.05,2,1,0.0
gaussian,1.0,0.05,3,1,0.0
gaussian,1.0,0.05,4,1,0.0
gaussian,1.0,0.05,1,2,0.000229244418491316
gaussian,1.0,0.05,2,2,1.3009361992109447
gaussian,1.0,0.05,3,2,0.0
gaussian,1.0,0.05,4,2,0.0
gaussian,1.0,0.05,1,3,0.0
gaussian,1.0,0.05,2,3,0.0
gaussian,1.0,0.05,3,3,2.5066282746310007
gaussian,1.0,0.05,4,3,0.0
gaussian,1.0,0.05,1,4,0.0
gaussian,1.0,0.05,2,4,0.0
gaussian,1.0,0.05,3,4,1.4657584072767824e-17
gaussian,1.0,0.05,4,4,1.7724538509055163
gaussian,1.0,0.1,1,1,0.0032947522758726457
gaussian,1.0,0.1,2,1,0.0
gaussian,1.0,0.1,3,1,0.0
gaussian,1.0,0.1,4,1,0.0
gaussian,1.0,0.1,1,2,-0.00010952109151236431
gaussian,1.0,0.1,2,2,1.2994694288295976
gaussian,1.0,0.1,3,2,0.0
gaussian,1.0,0.1,4,2,0.0
gaussian,1.0,0.1,1,3,0.0
gaussian,1.0,0.1,2,3,0.0
gaussian,1.0,0.1,3,3,2.5066282746310007
gaussian,1.0,0.1,4,3,0.0
gaussian,1.0,0.1,1,4,0.0
gaussian,1.0,0.1,2,4,0.0
gaussian,1.0,0.1,3,4,1.4657584072767824e-17
gaussian,1.0,0.1,4,4,1.7724538509055163
lorentzian,0.4,0.0,1,1,0.004320349557901434
lorentzian,0.4,0.0,2,1,0.0
lorentzian,0.4,0.0,3,1,0.0
lorentzian,0.4,0.0,4,1,0.0
lorentzian,0.4,0.0,1,2,0.00038520718708027937
lorentzian,0.4,0.0,2,2,1.303904215194623
lorentzian,0.4,0.0,3,2,0.0
lorentzian,0.4,0.0,4,2,0.0
lorentzian,0.4,0.0,1,3,0.0
lorentzian,0.4,0.0,2,3,0.0
lorentzian,0.4,0.0,3,3,3.96332729760601
lorentzian,0.4,0.0,4,3,0.0
lorentzian,0.4,0.0,1,4,0.0
lorentzian,0.4,0.0,2,4,0.0
lorentzian,0.4,0.0,3,4,9.450323565012315e-17
lorentzian,0.4,0.0,4,4,2.8024956081989663
lorentzian,0.4,0.05,1,1,0.003991498841709462
lorentzian,0.4,0.05,2,1,0.0
lorentzian,0.4,0.05,3,1,0.0
lorentzian,0.4,0.05,4,1,0.0
lorentzian,0.4,0.05,1,2,0.0002625374482168299
lorentzian,0.4,0.05,2,2,1.3015584107123845
lorentzian,0.4,0.05,3,2,0.0
lorentzian,0.4,0.05,4,2,0.0
lorentzian,0.4,0.05,1,3,0.0
lorentzian,0.4,0.05,2,3,0.0
lorentzian,0.4,0.05,3,3,3.96332729760601
lorentzian,0.4,0.05,4,3,0.0
lorentzian,0.4,0.05,1,4,0.0
lorentzian,0.4,0.05,2,4,0.0
lorentzian,0.4,0.05,3,4,9.450323565012315e-17
lorentzian,0.4,0.05,4,4,2.8024956081989663
lorentzian,0.4,0.1,1,1,0.0034962821772805807
lorentzian,0.4,0.1,2,1,0.0
lorentzian,0.4,0.1,3,1,0.0
lorentzian,0.4,0.1,4,1,0.0
lorentzian,0.4,0.1,1,2,0.00012354608398643772
lorentzian,0.4,0.1,2,2,1.299562685155908
lorentzian,0.4,0.1,3,2,0.0
lorentzian,0.4,0.1,4,2,0.0
lorentzian,0.4,0.1,1,3,0.0
lorentzian,0.4,0.1,2,3,0.0
lorentzian,0.4,0.1,3,3,3.96332729760601
lorentzian,0.4,0.1,4,3,0.0
lorentzian,0.4,0.1,1,4,0.0
lorentzian,0.4,0.1,2,4,0.0
lorentzian,0.4,0.1,3,4,9.450323565012315e-17
lorentzian,0.4,0.1,4,4,2.8024956081989663
lorentzian,0.6,0.0,1,1,0.004320349557901434
lorentzian,0.6,0.0,2,1,0.0
lorentzian,0.6,0.0,3,1,0.0
lorentzian,0.6,0.0,4,1,0.0
lorentzian,0.6,0.0,1,2,0.00038520718708027937
lorentzian,0.6,0.0,2,2,1.303904215194623
lorentzian,0.6,0.0,3,2,0.0
lorentzian,0.6,0.0,4,2,0.0
lorentzian,0.6,0.0,1,3,0.0
lorentzian,0.6,0.0,2,3,0.0
lorentzian,0.6,0.0,3,3,3.236043187592833
lorentzian,0.6,0.0,4,3,0.0
lorentzian,0.6,0.0,1,4,0.0
lorentzian,0.6,0.0,2,4,0.0
lorentzian,0.6,0.0,3,4,1.3580302666391887e-16
lorentzian,0.6,0.0,4,4,2.2882280821594216
lorentzian,0.6,0.05,1,1,0.003991498841709462
lorentzian,0.6,0.05,2,1,0.0
lorentzian,0.6,0.05,3,1,0.0
lorentzian,0.6,0.05,4,1,0.0
lorentzian,0.6,0.05,1,2,0.0002625374482168299
lorentzian,0.6,0.05,2,2,1.3015584107123845
lorentzian,0.6,0.05,3,2,0.0
lorentzian,0.6,0.05,4,2,0.0
lorentzian,0.6,0.05,1,3,0.0
lorentzian,0.6,0.05,2,3,0.0
lorentzian,0.6,0.05,3,3,3.236043187592833
lorentzian,0.6,0.05,4,3,0.0
lorentzian,0.6,0.05,1,4,0.0
lorentzian,0.6,0.05,2,4,0.0
lorentzian,0.6,0.05,3,4,1.3580302666391887e-16
lorentzian,0.6,0.05,4,4,2.2882280821594216
lorentzian,0.6,0.1,1,1,0.0034962821772805807
lorentzian,0.6,0.1,2,1,0.0
lorentzian,0.6,0.1,3,1,0.0
lorentzian,0.6,0.1,4,1,0.0
lorentzian,0.6,0.1,1,2,0.00012354608398643772
lorentzian,0.6,0.1,2,2,1.299562685155908
lorentzian,0.6,0.1,3,2,0.0
lorentzian,0.6,0.1,4,2,0.0
lorentzian,0.6,0.1,1,3,0.0
lorentzian,0.6,0.1,2,3,0.0
lorentzian,0.6,0.1,3,3,3.236043187592833
lorentzian,0.6,0.1,4,3,0.0
lorentzian,0.6,0.1,1,4,0.0
lorentzian,0.6,0.1,2,4,0.0
lorentzian,0.6,0.1,3,4,1.3580302666391887e-16
lorentzian,0.6,0.1,4,4,2.2882280821594216
lorentzian,0.8,0.0,1,1,0.004320349557901434
lorentzian,0.8,0.0,2,1,0.0
lorentzian,0.8,0.0,3,1,0.0
lorentzian,0.8,0.0,4,1,0.0
lorentzian,0.8,0.0,1,2,0.00038520718708027937
lorentzian,0.8,0.0,2,2,1.303904215194623
lorentzian,0.8,0.0,3,2,0.0
lorentzian,0.8,0.0,4,2,0.0
lorentzian,0.8,0.0,1,3,0.0
lorentzian,0.8,0.0,2,3,0.0
lorentzian,0.8,0.0,3,3,2.8024956081989645
lorentzian,0.8,0.0,4,3,0.0
lorentzian,0.8,0.0,1,4,0.0
lorentzian,0.8,0.0,2,4,0.0
lorentzian,0.8,0.0,3,4,7.057783667554575e-17
lorentzian,0.8,0.0,4,4,1.9816636488030068
lorentzian,0.8,0.05,1,1,0.003991498841709462
lorentzian,0.8,0.05,2,1,0.0
lorentzian,0.8,0.05,3,1,0.0
lorentzian,0.8,0.05,4,1,0.0
lorentzian,0.8,0.05,1,2,0.0002625374482168299
lorentzian,0.8,0.05,2,2,1.3015584107123845
lorentzian,0.8,0.05,3,2,0.0
lorentzian,0.8,0.05,4,2,0.0
lorentzian,0.8,0.05,1,3,0.0
lorentzian,0.8,0.05,2,3,0.0
lorentzian,0.8,0.05,3,3,2.8024956081989645
lorentzian,0.8,0.05,4,3,0.0
lorentzian,0.8,0.05,1,4,0.0
lorentzian,0.8,0.05,2,4,0.0
lorentzian,0.8,0.05,3,4,7.057783667554575e-17
lorentzian,0.8,0.05,4,4,1.9816636488030068
lorentzian,0.8,0.1,1,1,0.0034962821772805807
lorentzian,0.8,0.1,2,1,0.0
lorentzian,0.8,0.1,3,1,0.0
lorentzian,0.8,0.1,4,1,0.0
lorentzian,0.8,0.1,1,2,0.00012354608398643772
lorentzian,0.8,0.1,2,2,1.299562685155908
lorentzian,0.8,0.1,3,2,0.0
lorentzian,0.8,0.1,4,2,0.0
lorentzian,0.8,0.1,1,3,0.0
lorentzian,0.8,0.1,2,3,0.0
lorentzian,0.8,0.1,3,3,2.8024956081989645
lorentzian,0.8,0.1,4,3,0.0
lorentzian,0.8,0.1,1,4,0.0
lorentzian,0.8,0.1,2,4,0.0
lorentzian,0.8,0.1,3,4,7.057783667554575e-17
lorentzian,0.8,0.1,4,4,1.9816636488030068
lorentzian,1.0,0.0,1,1,0.004320349557901434
lorentzian,1.0,0.0,2,1,0.0
lorentzian,1.0,0.0,3,1,0.0
lorentzian,1.0,0.0,4,1,0.0
lorentzian,1.0,0.0,1,2,0.00038520718708027937
lorentzian,1.0,0.0,2,2,1.303904215194623
lorentzian,1.0,0.0,3,2,0.0
lorentzian,1.0,0.0,4,2,0.0
lorentzian,1.0,0.0,1,3,0.0
lorentzian,1.0,0.0,2,3,0.0
lorentzian,1.0,0.0,3,3,2.5066282746310007
lorentzian,1.0,0.0,4,3,0.0
lorentzian,1.0,0.0,1,4,0.0
lorentzian,1.0,0.0,2,4,0.0
lorentzian,1.0,0.0,3,4,1.4657584072767824e-17
lorentzian,1.0,0.0,4,4,1.7724538509055163
lorentzian,1.0,0.05,1,1,0.003991498841709462
lorentzian,1.0,0.05,2,1,0.0
lorentzian,1.0,0.05,3,1,0.0
lorentzian,1.0,0.05,4,1,0.0
lorentzian,1.0,0.05,1,2,0.0002625374482168299
lorentzian,1.0,0.05,2,2,1.3015584107123845
lorentzian,1.0,0.05,3,2,0.0
lorentzian,1.0,0.05,4,2,0.0
lorentzian,1.0,0.05,1,3,0.0
lorentzian,1.0,0.05,2,3,0.0
lorentzian,1.0,0.05,3,3,2.5066282746310007
lorentzian,1.0,0.05,4,3,0.0
lorentzian,1.0,0.05,1,4,0.0
lorentzian,1.0,0.05,2,4,0.0
lorentzian,1.0,0.05,3,4,1.4657584072767824e-17
lorentzian,1.0,0.05,4,4,1.7724538509055163
lorentzian,1.0,0.1,1,1,0.0034962821772805807
lorentzian,1.0,0.1,2,1,0.0
lorentzian,1.0,0.1,3,1,0.0
lorentzian,1.0,0.1,4,1,0.0
lorentzian,1.0,0.1,1,2,0.00012354608398643772
lorentzian,1.0,0.1,2,2,1.299562685155908
lorentzian,1.0,0.1,3,2,0.0
lorentzian,1.0,0.1,4,2,0.0
lorentzian,1.0,0.1,1,3,0.0
lorentzian,1.0,0.1,2,3,0.0
lorentzian,1.0,0.1,3,3,2.5066282746310007
lorentzian,1.0,0.1,4,3,0.0
lorentzian,1.0,0.1,1,4,0.0
lorentzian,1.0,0.1,2,4,0.0
lorentzian,1.0,0.1,3,4,1.4657584072767824e-17
lorentzian,1.0,0.1,4,4,1.7724538509055163
lorentzian,1.2,0.0,1,1,0.004320349557901434
lorentzian,1.2,0.0,2,1,0.0
lorentzian,1.2,0.0,3,1,0.0
lorentzian,1.2,0.0,4,1,0.0
lorentzian,1.2,0.0,1,2,0.00038520718708027937
lorentzian,1.2,0.0,2,2,1.303904215194623
lorentzian,1.2,0.0,3,2,0.0
lorentzian,1.2,0.0,4,2,0.0
lorentzian,1.2,0.0,1,3,0.0
lorentzian,1.2,0.0,2,3,0.0
lorentzian,1.2,0.0,3,3,2.288228082159423
lorentzian,1.2,0.0,4,3,0.0
lorentzian,1.2,0.0,1,4,0.0
lorentzian,1.2,0.0,2,4,0.0
lorentzian,1.2,0.0,3,4,-4.0516254569152406e-17
lorentzian,1.2,0.0,4,4,1.6180215937964153
lorentzian,1.2,0.05,1,1,0.003991498841709462
lorentzian,1.2,0.05,2,1,0.0
lorentzian,1.2,0.05,3,1,0.0
lorentzian,1.2,0.05,4,1,0.0
lorentzian,1.2,0.05,1,2,0.0002625374482168299
lorentzian,1.2,0.05,2,2,1.3015584107123845
lorentzian,1.2,0.05,3,2,0.0
lorentzian,1.2,0.05,4,2,0.0
lorentzian,1.2,0.05,1,3,0.0
lorentzian,1.2,0.05,2,3,0.0
lorentzian,1.2,0.05,3,3,2.288228082159423
lorentzian,1.2,0.05,4,3,0.0
lorentzian,1.2,0.05,1,4,0.0
lorentzian,1.2,0.05,2,4,0.0
lorentzian,1.2,0.05,3,4,-4.0516254569152406e-17
lorentzian,1.2,0.05,4,4,1.6180215937964153
lorentzian,1.2,0.1,1,1,0.0034962821772805807
lorentzian,1.2,0.1,2,1,0.0
lorentzian,1.2,0.1,3,1,0.0
lorentzian,1.2,0.1,4,1,0.0
lorentzian,1.2,0.1,1,2,0.00012354608398643772
lorentzian,1.2,0.1,2,2,1.299562685155908
lorentzian,1.2,0.1,3,2,0.0
lorentzian,1.2,0.1,4,2,0.0
lorentzian,1.2,0.1,1,3,0.0
lorentzian,1.2,0.1,2,3,0.0
lorentzian,1.2,0.1,3,3,2.288228082159423
lorentzian,1.2,0.1,4,3,0.0
lorentzian,1.2,0.1,1,4,0.0
lorentzian,1.2,0.1,2,4,0.0
lorentzian,1.2,0.1,3,4,-4.0516254569152406e-17
lorentzian,1.2,0.1,4,4,1.6180215937964153
