label,rotation,observable,relative_error,threshold,status
maximum-omission,0.5235987755982988,H,1.5804863003427995e-16,1e-12,PASS
maximum-omission,0.5235987755982988,sigma_xx,1.383387590740867e-16,1e-12,PASS
maximum-omission,0.5235987755982988,sigma_yy,1.376793155926234e-16,1e-12,PASS
maximum-omission,0.5235987755982988,fixed_E_signal,1.2744777769938446e-16,1e-12,PASS
maximum-omission,0.5235987755982988,fixed_j_signal,1.6417044337073402e-16,1e-12,PASS
maximum-omission,1.0471975511965976,H,1.5804863003427995e-16,1e-12,PASS
maximum-omission,1.0471975511965976,sigma_xx,0.0,1e-12,PASS
maximum-omission,1.0471975511965976,sigma_yy,0.0,1e-12,PASS
maximum-omission,1.0471975511965976,fixed_E_signal,1.2744777769938446e-16,1e-12,PASS
maximum-omission,1.0471975511965976,fixed_j_signal,0.0,1e-12,PASS
maximum-omission,1.5707963267948966,H,1.5804863003427995e-16,1e-12,PASS
maximum-omission,1.5707963267948966,sigma_xx,1.383387590740867e-16,1e-12,PASS
maximum-omission,1.5707963267948966,sigma_yy,0.0,1e-12,PASS
maximum-omission,1.5707963267948966,fixed_E_signal,1.2744777769938446e-16,1e-12,PASS
maximum-omission,1.5707963267948966,fixed_j_signal,3.2834088674146805e-16,1e-12,PASS
10pct-crossover,0.5235987755982988,H,0.0,1e-12,PASS
10pct-crossover,0.5235987755982988,sigma_xx,0.0,1e-12,PASS
10pct-crossover,0.5235987755982988,sigma_yy,1.8289285713815601e-16,1e-12,PASS
10pct-crossover,0.5235987755982988,fixed_E_signal,1.135717698723452e-16,1e-12,PASS
10pct-crossover,0.5235987755982988,fixed_j_signal,1.6555707944539886e-16,1e-12,PASS
10pct-crossover,1.0471975511965976,H,0.0,1e-12,PASS
10pct-crossover,1.0471975511965976,sigma_xx,0.0,1e-12,PASS
10pct-crossover,1.0471975511965976,sigma_yy,0.0,1e-12,PASS
10pct-crossover,1.0471975511965976,fixed_E_signal,0.0,1e-12,PASS
10pct-crossover,1.0471975511965976,fixed_j_signal,0.0,1e-12,PASS
10pct-crossover,1.5707963267948966,H,0.0,1e-12,PASS
10pct-crossover,1.5707963267948966,sigma_xx,0.0,1e-12,PASS
10pct-crossover,1.5707963267948966,sigma_yy,0.0,1e-12,PASS
10pct-crossover,1.5707963267948966,fixed_E_signal,0.0,1e-12,PASS
10pct-crossover,1.5707963267948966,fixed_j_signal,0.0,1e-12,PASS
weak-cancellation,0.5235987755982988,H,0.0,1e-12,PASS
weak-cancellation,0.5235987755982988,sigma_xx,2.131929515096109e-16,1e-12,PASS
weak-cancellation,0.5235987755982988,sigma_yy,4.255980442184652e-16,1e-12,PASS
weak-cancellation,0.5235987755982988,fixed_E_signal,4.805547621311033e-16,1e-12,PASS
weak-cancellation,0.5235987755982988,fixed_j_signal,8.688131820044915e-16,1e-12,PASS
weak-cancellation,1.0471975511965976,H,0.0,1e-12,PASS
weak-cancellation,1.0471975511965976,sigma_xx,0.0,1e-12,PASS
weak-cancellation,1.0471975511965976,sigma_yy,4.255980442184652e-16,1e-12,PASS
weak-cancellation,1.0471975511965976,fixed_E_signal,4.805547621311033e-16,1e-12,PASS
weak-cancellation,1.0471975511965976,fixed_j_signal,5.212879092026949e-16,1e-12,PASS
weak-cancellation,1.5707963267948966,H,0.0,1e-12,PASS
weak-cancellation,1.5707963267948966,sigma_xx,2.131929515096109e-16,1e-12,PASS
weak-cancellation,1.5707963267948966,sigma_yy,0.0,1e-12,PASS
weak-cancellation,1.5707963267948966,fixed_E_signal,0.0,1e-12,PASS
weak-cancellation,1.5707963267948966,fixed_j_signal,5.212879092026949e-16,1e-12,PASS
matched-kernel,0.5235987755982988,H,0.0,1e-12,PASS
matched-kernel,0.5235987755982988,sigma_xx,0.0,1e-12,PASS
matched-kernel,0.5235987755982988,sigma_yy,1.5519943153996078e-16,1e-12,PASS
matched-kernel,0.5235987755982988,fixed_E_signal,1.395523478493773e-16,1e-12,PASS
matched-kernel,0.5235987755982988,fixed_j_signal,1.4230641865837432e-16,1e-12,PASS
matched-kernel,1.0471975511965976,H,0.0,1e-12,PASS
matched-kernel,1.0471975511965976,sigma_xx,0.0,1e-12,PASS
matched-kernel,1.0471975511965976,sigma_yy,0.0,1e-12,PASS
matched-kernel,1.0471975511965976,fixed_E_signal,0.0,1e-12,PASS
matched-kernel,1.0471975511965976,fixed_j_signal,0.0,1e-12,PASS
matched-kernel,1.5707963267948966,H,0.0,1e-12,PASS
matched-kernel,1.5707963267948966,sigma_xx,1.5548251496319577e-16,1e-12,PASS
matched-kernel,1.5707963267948966,sigma_yy,0.0,1e-12,PASS
matched-kernel,1.5707963267948966,fixed_E_signal,0.0,1e-12,PASS
matched-kernel,1.5707963267948966,fixed_j_signal,5.692256746334973e-16,1e-12,PASS
decoupled-control,0.5235987755982988,H,0.0,1e-12,PASS
decoupled-control,0.5235987755982988,sigma_xx,1.299846853886784e-16,1e-12,PASS
decoupled-control,0.5235987755982988,sigma_yy,0.0,1e-12,PASS
decoupled-control,0.5235987755982988,fixed_E_signal,0.0,1e-12,PASS
decoupled-control,0.5235987755982988,fixed_j_signal,3.302209099982495e-16,1e-12,PASS
decoupled-control,1.0471975511965976,H,0.0,1e-12,PASS
decoupled-control,1.0471975511965976,sigma_xx,0.0,1e-12,PASS
decoupled-control,1.0471975511965976,sigma_yy,0.0,1e-12,PASS
decoupled-control,1.0471975511965976,fixed_E_signal,0.0,1e-12,PASS
decoupled-control,1.0471975511965976,fixed_j_signal,0.0,1e-12,PASS
decoupled-control,1.5707963267948966,H,0.0,1e-12,PASS
decoupled-control,1.5707963267948966,sigma_xx,0.0,1e-12,PASS
decoupled-control,1.5707963267948966,sigma_yy,0.0,1e-12,PASS
decoupled-control,1.5707963267948966,fixed_E_signal,0.0,1e-12,PASS
decoupled-control,1.5707963267948966,fixed_j_signal,0.0,1e-12,PASS
