eta,delta_P,xi,n,Gamma0,m_P,rotation,internal_model,kernel,omega,H,H0,H_active,H_passive_direct,H_readout_zero,passive_to_active_readout_norm,passive_to_active_max_curvature,Delta_H_total,Delta_H_scalar,Delta_H_shape,alpha,shape_residual,fraction_scalar,fraction_shape,fraction_absolute_shape,cancellation_factor,component_budget,component_budget_over_H0,zero_correction,actual_error,active_omission_error,scalar_shape_identity,adjoint_identity,block_error,collision_identity,correction_scattering_out,correction_passive_source,correction_feedback,bound_singular_abs,bound_adjoint_abs,certificate_singular,certificate_adjoint,bound_singular_violation,bound_adjoint_violation,sigma_xx,sigma_yy,sigma_xx_Aonly,sigma_yy_Aonly,chi_yxx,chi_yxx_Aonly,fixed_E_signal,fixed_E_Aonly,fixed_j_signal,fixed_j_Aonly,H_omission,chi_omission,sigma_xx_omission,sigma_yy_omission,fixed_E_omission,fixed_j_omission,sigma_xy_residual,collision_dominance,driven_condition,minimum_driven_eigenvalue,solve_residual,rate_interband_upper,collision_symmetry,charge_residual,parity_residual,eigenspinor_energy_error,origin_enclosure_margin,contour_min,qF_over_cutoff,pocket_separation,H_first_order,weak_omission_estimate,weak_response_error,valid_physical_numerical,label,response_converged,valid_for_main_text,baseline_H,change_from_common_basis
10.0,1.2,0.0,256,0.01,0.0,0.0,laboratory,gaussian,0.0,-0.351228297386809,-2.6112110981542735,-0.351228297386809,0.0,-0.351228297386809,0.0,0.0,2.2599828007674647,2.2380675120168076,0.021915288750656924,0.14290058218625884,0.010288670218303835,0.9903028957816781,0.009697104218321812,0.009697104218321812,1.0,2.2599828007674647,0.8654921857389954,False,6.434512303200154,6.434512303200154,1.457167719820518e-16,8.881784197001252e-16,1.195784871345043e-15,8.517492267046123e-16,2.270146017086537,-0.0016194254044451764,-0.008543790914626327,13.090951398880545,10.88613334510836,inf,inf,0.0,0.0,25.68126028149393,25.804265974945395,103.14220829342344,104.25032812478689,0.1756141486934045,1.3056055490771368,-0.0068056246538427696,-0.012523754817484472,-1.0318945723275025e-05,-1.1772310429338791e-06,6.434512303200154,6.434512303200154,3.01624403019459,3.0400423800471037,0.8402065136538176,0.8859155698165404,2.7154385326065847e-17,1.0,2.53251564965327,0.014598045002893802,1.6646966714432974e-15,0.020308864444632427,4.700158324140596e-18,1.3476659812620367e-17,2.7071148638532977e-16,4.440892098500626e-16,0.8,1.1999999999999997,0.725999343488136,2.98500164127966,20.36889691436693,1.1281959994756756,58.99332532690151,True,maximum-omission,True,True,-0.351228297386809,0.0
10.0,1.2,0.0,256,0.01,0.0,0.5235987755982988,laboratory,gaussian,0.0,-0.6783821107466983,-2.6112110981542735,-0.6783821107466983,0.0,-0.6783821107466983,0.0,0.0,1.9328289874075752,2.263806811590249,-0.3309778241826734,0.13304335555619629,0.16462970057200602,0.8724449730356587,0.1275550269643412,0.1275550269643412,0.7448899460713174,2.5947846357729225,0.9937092552980638,False,2.849174464934079,2.849174464934079,3.3306690738754696e-16,0.0,1.1868110392222167e-15,0.0,3.2157940838802936,-0.23037658235428327,-1.052588514118435,13.689256952226861,11.98172880481192,inf,inf,0.0,0.0,24.194796920515937,25.804265974945388,103.14220829342344,104.25032812478689,0.33919105537334915,1.3056055490771368,-0.013144766671630427,-0.012523754817484472,-2.2454785928343725e-05,-1.1772310429338791e-06,2.849174464934079,2.849174464934079,3.262991279995583,3.040042380047105,0.04724403784863279,0.9475732680467058,8.593029702990658e-17,1.0,2.4713772691239266,0.014877315886136276,1.6034639669388614e-15,0.020308864444632427,4.804914791278864e-18,1.1665650564152552e-17,2.7423378865235064e-16,4.440892098500626e-16,0.8,1.1999999999999997,0.725999343488136,2.98500164127966,-46.11901142944956,0.9433810262358124,66.98382607508053,True,maximum-omission,True,True,-0.351228297386809,0.9314563086003108
10.0,1.2,0.0,256,0.01,0.0,0.5235987755982988,gauge,gaussian,0.0,-0.35122829738680894,-2.6112110981542735,-0.35122829738680894,0.0,-0.35122829738680894,0.0,0.0,2.2599828007674647,2.2380675120168076,0.0219152887506568,0.14290058218625878,0.010288670218303837,0.9903028957816783,0.009697104218321758,0.009697104218321758,1.0000000000000002,2.2599828007674643,0.8654921857389952,False,6.4345123032001545,6.4345123032001545,2.706168622523819e-16,8.881784197001252e-16,1.2094814417689395e-15,7.563394355258879e-16,2.270146017086537,-0.0016194254044451816,-0.008543790914626417,13.090951398880545,10.886133345108362,inf,inf,0.0,0.0,25.681260281493927,25.80426597494539,103.14220829342344,104.25032812478689,0.17561414869340447,1.3056055490771368,-0.006805624653842769,-0.012523754817484472,-1.0318945723275027e-05,-1.1772310429338791e-06,6.4345123032001545,6.4345123032001545,3.0162440301945903,3.040042380047104,0.8402065136538178,0.8859155698165404,3.269333954680565e-17,1.0,2.5325156496532752,0.0145980450028938,1.666237718825745e-15,0.020308864444632427,4.7278679212370476e-18,1.3378264643041195e-17,2.8308923942440658e-16,4.440892098500626e-16,0.8,1.1999999999999997,0.725999343488136,2.98500164127966,20.368896914366925,1.1281959994756756,58.99332532690151,True,maximum-omission,True,True,-0.351228297386809,1.5804863003427995e-16
10.0,1.2,0.0,256,0.01,0.0,1.0471975511965976,laboratory,gaussian,0.0,-0.8450618336220445,-2.6112110981542735,-0.8450618336220445,0.0,-0.8450618336220445,0.0,0.0,1.766149264532229,2.318079638227887,-0.5519303736956581,0.11225881359557083,0.3132596546109596,0.8076904361299625,0.19230956387003753,0.19230956387003753,0.615380872259925,2.870010011923545,1.0991106823773087,False,2.089964537816463,2.089964537816463,1.1102230246251565e-16,0.0,1.2759278119641514e-15,4.440892098500626e-16,3.1884716213542665,-0.39097258696252213,-1.0313497698595158,15.281458876918123,14.276417411941178,inf,inf,0.0,0.0,20.881178376232675,25.804265974945388,103.14220829342344,104.25032812478689,0.42253091681102223,1.3056055490771368,-0.016374459836264205,-0.012523754817484472,-3.755406690475292e-05,-1.1772310429338791e-06,2.089964537816463,2.089964537816463,3.9394821707390673,3.040042380047105,0.23516531582016825,0.9686523687056411,8.025135591490161e-17,1.0,2.4713772691239364,0.014877315886136212,1.487393176323847e-15,0.020308864444632427,4.7483838458093e-18,1.1637088159174889e-17,2.828057610957112e-16,4.440892098500626e-16,0.8,1.1999999999999997,0.725999343488136,2.98500164127966,-97.2905584468285,0.9731606937010094,114.12833094097809,True,maximum-omission,True,True,-0.351228297386809,1.406018649150512
10.0,1.2,0.0,256,0.01,0.0,1.0471975511965976,gauge,gaussian,0.0,-0.35122829738680905,-2.6112110981542735,-0.35122829738680905,0.0,-0.35122829738680905,0.0,0.0,2.2599828007674647,2.2380675120168076,0.021915288750656778,0.14290058218625878,0.010288670218303835,0.9903028957816783,0.00969710421832175,0.00969710421832175,1.0000000000000002,2.2599828007674643,0.8654921857389952,False,6.434512303200152,6.434512303200152,2.914335439641036e-16,8.881784197001252e-16,1.1885754344952626e-15,7.407269242420966e-16,2.270146017086537,-0.0016194254044451903,-0.008543790914626424,13.090951398880545,10.88613334510836,inf,inf,0.0,0.0,25.68126028149393,25.804265974945395,103.14220829342344,104.25032812478689,0.17561414869340453,1.3056055490771368,-0.00680562465384277,-0.012523754817484472,-1.0318945723275025e-05,-1.1772310429338791e-06,6.434512303200152,6.434512303200152,3.01624403019459,3.0400423800471037,0.8402065136538174,0.8859155698165404,3.7016425767870856e-17,1.0,2.5325156496532744,0.014598045002893814,1.642598221096451e-15,0.020308864444632427,4.699888476394769e-18,1.3415522498867857e-17,2.9636691007877953e-16,4.440892098500626e-16,0.8,1.1999999999999997,0.725999343488136,2.98500164127966,20.36889691436693,1.1281959994756756,58.993325326901505,True,maximum-omission,True,True,-0.351228297386809,1.5804863003427995e-16
10.0,1.2,0.0,256,0.01,0.0,1.5707963267948966,laboratory,gaussian,0.0,-0.8230437937488166,-2.6112110981542735,-0.8230437937488166,0.0,-0.8230437937488166,0.0,0.0,1.788167304405457,2.3729333930915057,-0.5847660886860487,0.09125179700377106,0.39498271737664686,0.8022902285073908,0.19770977149260913,0.19770977149260913,0.6045804570147817,2.9576994817775546,1.132692597648729,False,2.172627165148377,2.172627165148377,1.1102230246251565e-16,6.661338147750939e-16,1.4158868190233732e-15,1.6364447339704984e-15,2.24597674203451,-0.45780943762905413,-6.372440118078574e-16,16.175006928005715,15.61780726670687,inf,inf,0.0,0.0,17.204310906173216,25.80426597494539,103.14220829342344,104.25032812478689,0.4115218968744083,1.3056055490771368,-0.01594782418046593,-0.012523754817484472,-5.387991160217915e-05,-1.1772310429338791e-06,2.172627165148377,2.172627165148377,4.995137431305904,3.040042380047104,0.2147044840872719,0.978150835665323,4.005501322255914e-17,1.0,2.471377269123933,0.014877315886136238,1.359523040987699e-15,0.020308864444632427,4.709963548415123e-18,1.1710824509561982e-17,2.763774006097678e-16,4.440892098500626e-16,0.8,1.1999999999999997,0.725999343488136,2.98500164127966,-119.43436943901202,0.9781368536509278,144.11301870707257,True,maximum-omission,True,True,-0.351228297386809,1.3433299647903811
10.0,1.2,0.0,256,0.01,0.0,1.5707963267948966,gauge,gaussian,0.0,-0.35122829738680905,-2.6112110981542735,-0.35122829738680905,0.0,-0.35122829738680905,0.0,0.0,2.2599828007674647,2.2380675120168076,0.021915288750656882,0.1429005821862588,0.01028867021830385,0.9903028957816781,0.009697104218321793,0.009697104218321793,1.0,2.2599828007674647,0.8654921857389954,False,6.434512303200152,6.434512303200152,1.8735013540549517e-16,8.881784197001252e-16,1.201792881723239e-15,9.298117831235686e-16,2.270146017086537,-0.0016194254044451621,-0.008543790914626263,13.090951398880545,10.88613334510836,inf,inf,0.0,0.0,25.681260281493927,25.804265974945395,103.14220829342344,104.25032812478689,0.17561414869340453,1.3056055490771368,-0.00680562465384277,-0.012523754817484472,-1.0318945723275029e-05,-1.1772310429338791e-06,6.434512303200152,6.434512303200152,3.0162440301945903,3.0400423800471037,0.8402065136538174,0.8859155698165404,3.9785902878240765e-17,1.0,2.5325156496532752,0.014598045002893788,1.656390680167129e-15,0.020308864444632427,4.692633406969039e-18,1.3645048479342851e-17,2.7948224197070337e-16,4.440892098500626e-16,0.8,1.1999999999999997,0.725999343488136,2.98500164127966,20.368896914366935,1.1281959994756756,58.99332532690153,True,maximum-omission,True,True,-0.351228297386809,1.5804863003427995e-16
0.3727593720314942,0.4,0.0,256,0.01,0.0,0.0,laboratory,gaussian,0.0,-2.373631586976218,-2.6112110981542735,-2.373631586976218,0.0,-2.373631586976218,0.0,0.0,0.23757951117805565,0.04727337167164254,0.19030613950641362,0.981895997721112,0.013002283508732051,0.19897916043868397,0.8010208395613161,0.8010208395613161,0.9999999999999979,0.23757951117805615,0.09098441383999496,False,0.10009114829850636,0.10009114829850636,4.996003610813204e-16,2.192690473634684e-15,1.0504448427837557e-15,2.1840168562548e-15,0.1636790777230792,0.061755529492629274,0.012144903962344975,0.39147645226801187,0.33845167966577006,0.17636182459624994,0.14891663275599007,0.0,0.0,154.54275534397104,155.4008717187596,103.14220829342344,104.25032812478689,1.186815793488109,1.3056055490771368,-0.007637124427692896,-0.012523754817484472,-3.1976620619750284e-07,-1.1772310429338791e-06,0.10009114829850636,0.10009114829850636,0.3325975839899041,0.3291522307966432,0.6398521375496015,2.681536760663086,3.951156831549642e-18,1.0,2.3562848223050437,0.0013587381737016286,1.6631324524192286e-15,0.004501109902470776,4.649954657601438e-18,1.0492236981827904e-17,2.9223128571400095e-16,4.440892098500626e-16,0.4,0.4000000000000001,0.725999343488136,3.78500164127966,-2.0939074781822433,0.24705180403725874,0.11784647218581913,True,10pct-crossover,True,True,-2.373631586976218,0.0
0.3727593720314942,0.4,0.0,256,0.01,0.0,0.5235987755982988,laboratory,gaussian,0.0,-2.9534711389161945,-2.6112110981542735,-2.9534711389161945,0.0,-2.9534711389161945,0.0,0.0,-0.34226004076192096,0.09237146009760377,-0.4346315008595242,0.964625050742586,0.030215748363730303,0.17527692810272133,0.8247230718972787,0.8247230718972787,0.6494461437945583,0.527002960957128,0.20182319282023517,False,0.11588399705423114,0.11588399705423114,5.551115123125783e-16,7.771561172376096e-16,1.0835756970969145e-15,8.187894806610529e-16,0.17308838705005114,-0.440350780852218,-0.07499764695975326,0.6957302141914481,0.608009884236222,0.36321438653675986,0.30351912729077196,0.0,0.0,151.92108239754452,155.4008717187596,103.14220829342344,104.25032812478689,1.4767355694580973,1.3056055490771368,-0.009502749586441539,-0.012523754817484472,-4.117306454288441e-07,-1.1772310429338791e-06,0.11588399705423114,0.11588399705423114,0.3210803486541608,0.3291522307966432,0.31790853831961263,1.8592261858665313,1.5780481589293205e-17,1.0,2.339783810951688,0.0013683204923438657,1.5403447768356107e-15,0.004501109902470776,4.649954657601438e-18,1.0490249389341411e-17,2.93403853200061e-16,4.440892098500626e-16,0.4,0.4000000000000001,0.725999343488136,3.78500164127966,-4.572306574375101,0.4289072581465846,0.5481128337868078,True,10pct-crossover,True,True,-2.373631586976218,0.24428371914221
0.3727593720314942,0.4,0.0,256,0.01,0.0,0.5235987755982988,gauge,gaussian,0.0,-2.373631586976218,-2.6112110981542735,-2.373631586976218,0.0,-2.373631586976218,0.0,0.0,0.23757951117805565,0.04727337167164254,0.19030613950641362,0.981895997721112,0.013002283508732051,0.19897916043868397,0.8010208395613161,0.8010208395613161,0.9999999999999979,0.23757951117805615,0.09098441383999496,False,0.10009114829850636,0.10009114829850636,4.996003610813204e-16,2.1649348980190553e-15,1.0498854990832005e-15,2.177077962350893e-15,0.1636790777230792,0.06175552949262928,0.012144903962344975,0.39147645226801187,0.33845167966577006,0.17636182459624994,0.14891663275599007,0.0,0.0,154.54275534397104,155.40087171875956,103.14220829342344,104.25032812478689,1.186815793488109,1.3056055490771368,-0.007637124427692897,-0.012523754817484472,-3.197662061975029e-07,-1.1772310429338791e-06,0.10009114829850636,0.10009114829850636,0.3325975839899041,0.3291522307966431,0.6398521375496012,2.6815367606630858,2.806219340589234e-18,1.0,2.3562848223050397,0.0013587381737016303,1.6576799027864716e-15,0.004501109902470776,4.649954657601438e-18,1.049189222236926e-17,2.9447024200438816e-16,4.440892098500626e-16,0.4,0.4000000000000001,0.725999343488136,3.78500164127966,-2.0939074781822433,0.24705180403725874,0.11784647218581913,True,10pct-crossover,True,True,-2.373631586976218,0.0
0.3727593720314942,0.4,0.0,256,0.01,0.0,1.0471975511965976,laboratory,gaussian,0.0,-3.341761831213839,-2.6112110981542735,-3.341761831213839,0.0,-3.341761831213839,0.0,0.0,-0.7305507330595655,0.1903239018085136,-0.9208746348680792,0.9271127861155908,0.06649282351188658,0.17127803495650765,0.8287219650434923,0.8287219650434923,0.6574439300869847,1.1111985366765929,0.42554910151157066,False,0.21861244755261483,0.21861244755261483,0.0,1.1102230246251565e-16,1.0945759983871408e-15,1.6653345369377348e-16,0.1730102461309974,-0.8226676584846366,-0.08089332070592653,1.448583682670883,1.279390893374444,1.2459569277132514,0.9606333413344987,0.0,0.0,145.38827218037306,155.40087171875962,103.14220829342344,104.25032812478689,1.6708809156069195,1.3056055490771368,-0.010752069130158005,-0.012523754817484472,-5.086666882269119e-07,-1.1772310429338791e-06,0.21861244755261483,0.21861244755261483,0.2905740831319454,0.3291522307966433,0.16477625523790054,1.3143466442385279,3.3838188624779355e-17,1.0,2.3397838109516957,0.001368320492343862,1.485051999689984e-15,0.004501109902470776,4.649954657601438e-18,1.0490411655905318e-17,2.9619069222809297e-16,4.440892098500626e-16,0.4,0.4000000000000001,0.725999343488136,3.78500164127966,-6.479773947582927,0.5970212665939831,0.9390292530899059,True,10pct-crossover,True,True,-2.373631586976218,0.4078687904010106
0.3727593720314942,0.4,0.0,256,0.01,0.0,1.0471975511965976,gauge,gaussian,0.0,-2.373631586976218,-2.6112110981542735,-2.373631586976218,0.0,-2.373631586976218,0.0,0.0,0.23757951117805565,0.04727337167164254,0.1903061395064136,0.981895997721112,0.013002283508732051,0.19897916043868397,0.801020839561316,0.801020839561316,0.9999999999999979,0.23757951117805615,0.09098441383999496,False,0.10009114829850636,0.10009114829850636,4.718447854656915e-16,2.1649348980190553e-15,1.0489253514190284e-15,2.175343238874916e-15,0.1636790777230792,0.06175552949262928,0.012144903962344977,0.39147645226801187,0.33845167966577006,0.17636182459624994,0.14891663275599007,0.0,0.0,154.54275534397104,155.4008717187596,103.14220829342344,104.25032812478689,1.186815793488109,1.3056055490771368,-0.007637124427692896,-0.012523754817484472,-3.1976620619750284e-07,-1.1772310429338791e-06,0.10009114829850636,0.10009114829850636,0.3325975839899041,0.3291522307966432,0.6398521375496015,2.681536760663086,2.716420321690379e-18,1.0,2.356284822305042,0.00135873817370163,1.6602538508424086e-15,0.004501109902470776,4.649954657601438e-18,1.0492236981827904e-17,2.9431995866639393e-16,4.440892098500626e-16,0.4,0.4000000000000001,0.725999343488136,3.78500164127966,-2.0939074781822433,0.24705180403725874,0.11784647218581913,True,10pct-crossover,True,True,-2.373631586976218,0.0
0.3727593720314942,0.4,0.0,256,0.01,0.0,1.5707963267948966,laboratory,gaussian,0.0,-3.434859903968751,-2.6112110981542735,-3.434859903968751,0.0,-3.434859903968751,0.0,0.0,-0.8236488058144773,0.3022025007647213,-1.125851306579198,0.8842673037892906,0.08511140809901782,0.2116184272683653,0.7883815727316347,0.7883815727316347,0.5767631454632699,1.4280538073439193,0.5468932819538546,False,0.23979109158507636,0.23979109158507636,6.661338147750939e-16,3.3306690738754696e-16,1.150047645685063e-15,2.8635800160360083e-16,0.1635583327993777,-0.9872071386138547,-4.670890578394614e-17,2.093099447851756,1.8475276801619192,4.039861768461735,2.419232415729126,0.0,0.0,137.241215906962,155.40087171875956,103.14220829342344,104.25032812478689,1.7174299519843754,1.3056055490771368,-0.011051610798506558,-0.012523754817484472,-5.867545525323987e-07,-1.1772310429338791e-06,0.23979109158507636,0.23979109158507636,0.24846040155061597,0.3291522307966431,0.13320628511246982,1.0063432620216035,5.187439573717495e-17,1.0,2.3397838109516864,0.001368320492343867,1.455168085553875e-15,0.004501109902470776,4.649954657601438e-18,1.0492662845519713e-17,2.9335190495468347e-16,4.440892098500626e-16,0.4,0.4000000000000001,0.725999343488136,3.78500164127966,-7.305205255565969,0.642554725458981,1.1267840493655341,True,10pct-crossover,True,True,-2.373631586976218,0.4470905774996184
0.3727593720314942,0.4,0.0,256,0.01,0.0,1.5707963267948966,gauge,gaussian,0.0,-2.373631586976218,-2.6112110981542735,-2.373631586976218,0.0,-2.373631586976218,0.0,0.0,0.23757951117805565,0.04727337167164254,0.19030613950641362,0.981895997721112,0.01300228350873205,0.19897916043868397,0.8010208395613161,0.8010208395613161,0.9999999999999979,0.23757951117805615,0.09098441383999496,False,0.10009114829850636,0.10009114829850636,4.996003610813204e-16,2.1094237467877974e-15,1.050704984526426e-15,2.14064876935538e-15,0.1636790777230792,0.06175552949262931,0.012144903962344984,0.3914764522680118,0.3384516796657701,0.1763618245962499,0.1489166327559901,0.0,0.0,154.54275534397104,155.4008717187596,103.14220829342344,104.25032812478689,1.186815793488109,1.3056055490771368,-0.007637124427692896,-0.012523754817484472,-3.1976620619750284e-07,-1.1772310429338791e-06,0.10009114829850636,0.10009114829850636,0.3325975839899041,0.3291522307966432,0.6398521375496015,2.681536760663086,3.165415416184656e-18,1.0,2.3562848223050388,0.0013587381737016312,1.6586482140871244e-15,0.004501109902470776,4.649954657601438e-18,1.0489356878370018e-17,2.93848298751301e-16,4.440892098500626e-16,0.4,0.4000000000000001,0.725999343488136,3.78500164127966,-2.093907478182243,0.24705180403725902,0.11784647218581931,True,10pct-crossover,True,True,-2.373631586976218,0.0
0.001,0.4,0.1,256,0.01,0.0,0.0,laboratory,gaussian,0.0,-5.785610382189561,-5.7856412486264555,-5.785610382189561,0.0,-5.785610382189561,0.0,0.0,3.086643689442781e-05,-0.0032016969342113415,0.0032325633711070946,1.0005533867028087,0.0001725298140069317,0.4976013997389693,0.5023986002610308,0.5023986002610308,0.004797200521855512,0.006434260305318436,0.001112108412675253,False,5.335035520097781e-06,5.335035520097781e-06,1.3253287356462806e-15,7.148280448468491e-15,1.2394693498873238e-15,7.14814492319693e-15,0.0019034566672314708,-0.0014837277975148116,-0.00038886243281508327,0.030070614498076003,0.029310567338048633,0.005224610453005044,0.005091883868542488,0.0,0.0,533.2579567786083,534.2451135102447,135.6807683143025,136.676205497461,2.8928051910947805,2.8928206243132277,-0.00541475273791027,-0.02116550290362697,-1.9041622058371378e-08,-1.1497197813907406e-06,5.335035520097781e-06,5.335035520097781e-06,0.7455625995082286,0.7441694794371945,2.9088586179459472,59.37929845820476,3.669458760114152e-18,1.0,745.0456729172352,3.068542882905898e-06,1.392854974168526e-15,0.004501109902470776,5.549043613154096e-18,1.3464784243752466e-17,4.522359353276028e-16,4.440892098500626e-16,0.4,0.4000000000000001,0.725999343488136,3.78500164127966,-5.785204158127099,7.555316759949151e-05,7.021282727788676e-05,True,weak-cancellation,True,True,-5.785610382189561,0.0
0.001,0.4,0.1,256,0.01,0.0,0.5235987755982988,laboratory,gaussian,0.0,-5.79860490860592,-5.7856412486264555,-5.79860490860592,0.0,-5.79860490860592,0.0,0.0,-0.012963659979464914,-0.0031344963387762523,-0.009829163640688057,1.0005417716384541,0.0005178326271850464,0.24179100221246141,0.7582089977875386,0.7582089977875386,1.0000000000000466,0.012963659979464309,0.002240660874460883,False,0.0022356515375319113,0.0022356515375319113,6.054184931159057e-16,5.414071968523615e-15,1.0841944017103342e-15,5.412770925916632e-15,0.0019042827717352094,-0.014474509236705405,-0.0003934335144893052,0.029442505992523717,0.028698334529915014,0.005114921723333577,0.004984995501630531,0.0,0.0,533.2348477287733,534.2522363034462,135.6807683143025,136.676205497461,2.89930245430296,2.8928206243132277,-0.005426841962073146,-0.02116550290362697,-1.9085789405252774e-08,-1.1497197813907406e-06,0.0022356515375319113,0.0022356515375319113,0.7455515728347227,0.7441728902378778,2.900150962852323,59.239571808034086,5.949465430436458e-17,1.0,746.3476968584355,3.0631878545433165e-06,1.374736412571967e-15,0.004501109902470776,5.549043613154096e-18,1.3464892797580742e-17,4.584011359160403e-16,4.440892098500626e-16,0.4,0.4000000000000001,0.725999343488136,3.78500164127966,-5.802852649596499,0.0029660241280192205,0.0007325453376335982,True,weak-cancellation,True,True,-5.785610382189561,0.002246007863986439
0.001,0.4,0.1,256,0.01,0.0,0.5235987755982988,gauge,gaussian,0.0,-5.785610382189561,-5.7856412486264555,-5.785610382189561,0.0,-5.785610382189561,0.0,0.0,3.086643689442781e-05,-0.0032016969342113415,0.0032325633711070955,1.0005533867028087,0.00017252981400693175,0.49760139973896916,0.5023986002610308,0.5023986002610308,0.004797200521855511,0.006434260305318437,0.0011121084126752532,False,5.335035520097781e-06,5.335035520097781e-06,1.326196097384269e-15,7.261660890656163e-15,1.239605858309353e-15,7.26035984804918e-15,0.0019034566672314708,-0.0014837277975146995,-0.00038886243281508316,0.030070614498075982,0.02931056733804862,0.005224610453005041,0.005091883868542486,0.0,0.0,533.2579567786082,534.2451135102444,135.6807683143025,136.676205497461,2.8928051910947805,2.8928206243132277,-0.005414752737910273,-0.02116550290362697,-1.9041622058371394e-08,-1.1497197813907406e-06,5.335035520097781e-06,5.335035520097781e-06,0.7455625995082286,0.7441694794371944,2.908858617945945,59.37929845820471,5.985641949122378e-19,1.0,745.045672917656,3.0685428829041635e-06,1.388142838626018e-15,0.004501109902470776,5.549043613154096e-18,1.346573793674239e-17,4.870869707355659e-16,4.440892098500626e-16,0.4,0.4000000000000001,0.725999343488136,3.78500164127966,-5.785204158127099,7.555316759949151e-05,7.021282727788676e-05,True,weak-cancellation,True,True,-5.785610382189561,0.0
0.001,0.4,0.1,256,0.01,0.0,1.0471975511965976,laboratory,gaussian,0.0,-5.808345018146271,-5.7856412486264555,-5.808345018146271,0.0,-5.808345018146271,0.0,0.0,-0.022703769519815786,-0.002006810772230016,-0.02069695874758538,1.0003468605615162,0.0010899214899196335,0.0883910828322368,0.9116089171677632,0.9116089171677632,1.000000000000017,0.022703769519815398,0.003924157849435515,False,0.003908819026570442,0.003908819026570442,3.885780586188048e-16,6.831341048396666e-15,1.169410248560634e-15,6.83481049534862e-15,0.0019273988930204869,-0.024226510949783613,-0.0004046574630458266,0.026821862371263206,0.026143926270679022,0.004657527970972668,0.00453927223287353,0.0,0.0,533.20434686046,534.2585009671975,135.6807683143025,136.676205497461,2.9041725090731356,2.8928206243132277,-0.005435893867510863,-0.02116550290362697,-1.9119811498553274e-08,-1.1497197813907406e-06,0.003908819026570442,0.003908819026570442,0.7455370176308591,0.7441758900419393,2.8936563920293783,59.1323805664996,3.1622983356711524e-17,1.0,747.5408536115168,3.058296082035852e-06,1.427935324607072e-15,0.004501109902470776,5.549043613154096e-18,1.3466575270021931e-17,3.861096567972884e-16,4.440892098500626e-16,0.4,0.4000000000000001,0.725999343488136,3.78500164127966,-5.8161507844267675,0.005245657640445612,0.0013438881912334183,True,weak-cancellation,True,True,-5.785610382189561,0.003929513820477193
0.001,0.4,0.1,256,0.01,0.0,1.0471975511965976,gauge,gaussian,0.0,-5.785610382189561,-5.7856412486264555,-5.785610382189561,0.0,-5.785610382189561,0.0,0.0,3.086643689442781e-05,-0.0032016969342113415,0.003232563371107207,1.0005533867028087,0.00017252981400693663,0.49760139973896056,0.5023986002610394,0.5023986002610394,0.0047972005218554275,0.006434260305318549,0.0011121084126752725,False,5.335035520097781e-06,5.335035520097781e-06,1.4376520807157789e-15,7.147643479692156e-15,1.238953803340747e-15,7.146139149177833e-15,0.0019034566672314708,-0.001483727797514814,-0.0003888624328150829,0.030070614498075986,0.029310567338048626,0.005224610453005041,0.005091883868542487,0.0,0.0,533.2579567786083,534.2451135102444,135.6807683143025,136.676205497461,2.8928051910947805,2.8928206243132277,-0.005414752737910273,-0.02116550290362697,-1.9041622058371388e-08,-1.1497197813907406e-06,5.335035520097781e-06,5.335035520097781e-06,0.7455625995082286,0.7441694794371944,2.908858617945945,59.37929845820473,1.4807957691524487e-17,1.0,745.0456729181834,3.068542882901995e-06,1.368196753749177e-15,0.004501109902470776,5.549043613154096e-18,1.3466342682666865e-17,4.737825182755575e-16,4.440892098500626e-16,0.4,0.4000000000000001,0.725999343488136,3.78500164127966,-5.785204158127099,7.555316759949151e-05,7.021282727788676e-05,True,weak-cancellation,True,True,-5.785610382189561,0.0
0.001,0.4,0.1,256,0.01,0.0,1.5707963267948966,laboratory,gaussian,0.0,-5.812176085638339,-5.7856412486264555,-5.812176085638339,0.0,-5.812176085638339,0.0,0.0,-0.02653483701188364,-0.00011958426412539976,-0.02641525274775778,1.0000206691460785,0.0013916553424208784,0.00450668922789486,0.9954933107721051,0.9954933107721051,1.0000000000000173,0.02653483701188318,0.004586326021887842,False,0.0045653876656370045,0.0045653876656370045,4.579669976578771e-16,5.0584536559483695e-15,1.1423296173455046e-15,5.0625736242038144e-15,0.001966610915878159,-0.028082430578952843,-0.00041901734880389206,0.0277461413995166,0.027044839136147338,0.004818799384638222,0.004696428992935983,0.0,0.0,533.1380014014849,534.2620539566719,135.6807683143025,136.676205497461,2.9060880428191695,2.8928206243132277,-0.005439443099686901,-0.02116550290362697,-1.913705737429722e-08,-1.1497197813907406e-06,0.0045653876656370045,0.0045653876656370045,0.7455053514143953,0.7441775913425712,2.891115784416474,59.07819064883596,2.6030385700012503e-18,1.0,748.2328900369305,3.055464865067077e-06,1.2888282838901831e-15,0.004501109902470776,5.549043613154096e-18,1.3466772966115322e-17,3.223444093201707e-16,4.440892098500626e-16,0.4,0.4000000000000001,0.725999343488136,3.78500164127966,-5.821535338129299,0.006165742783995105,0.0016102837135450764,True,weak-cancellation,True,True,-5.785610382189561,0.004591685525620253
0.001,0.4,0.1,256,0.01,0.0,1.5707963267948966,gauge,gaussian,0.0,-5.785610382189561,-5.7856412486264555,-5.785610382189561,0.0,-5.785610382189561,0.0,0.0,3.086643689442781e-05,-0.0032016969342113415,0.003232563371107247,1.0005533867028087,0.00017252981400693815,0.49760139973895745,0.5023986002610424,0.5023986002610424,0.004797200521855398,0.006434260305318589,0.0011121084126752795,False,5.335035520097781e-06,5.335035520097781e-06,1.4775507206632454e-15,7.045186374392276e-15,1.2317461014936962e-15,7.044603615724565e-15,0.0019034566672314708,-0.001483727797514915,-0.0003888624328150834,0.030070614498076003,0.029310567338048633,0.005224610453005044,0.005091883868542488,0.0,0.0,533.2579567786082,534.2451135102447,135.6807683143025,136.676205497461,2.8928051910947805,2.8928206243132277,-0.00541475273791027,-0.02116550290362697,-1.9041622058371388e-08,-1.1497197813907406e-06,5.335035520097781e-06,5.335035520097781e-06,0.7455625995082286,0.7441694794371945,2.9088586179459472,59.37929845820473,1.2205504670166935e-17,1.0,745.0456729170248,3.0685428829067656e-06,1.3841172317656975e-15,0.004501109902470776,5.549043613154096e-18,1.3466536505741721e-17,4.742540101027146e-16,4.440892098500626e-16,0.4,0.4000000000000001,0.725999343488136,3.78500164127966,-5.785204158127099,7.555316759949151e-05,7.021282727788676e-05,True,weak-cancellation,True,True,-5.785610382189561,0.0
1.0,1.2,0.05,256,0.01,0.0,0.0,laboratory,gaussian,0.0,-2.2764241130040874,-3.3601720237550685,-2.2764241130040874,0.0,-2.2764241130040874,0.0,0.0,1.083747910750981,0.7766071607915461,0.3071407499594355,0.7688787492719882,0.024707800075826968,0.7165939173561103,0.2834060826438897,0.2834060826438897,0.9999999999999996,1.0837479107509815,0.3225275084398413,False,0.4760746930064851,0.4760746930064851,5.551115123125783e-16,1.1102230246251565e-15,9.442070212896164e-16,1.3114509478384662e-15,1.1479223583417417,-0.018895310317524068,-0.04527913727323525,4.29139246358753,4.151126566247792,inf,inf,0.0,0.0,182.79682083308018,183.1302418339463,113.03390335402472,114.12439129340333,1.1382120565020437,1.6800860118775343,-0.006215314549380215,-0.01472153316952366,-1.8600552140407068e-07,-1.1522204831791312e-06,0.4760746930064851,0.4760746930064851,0.3816418532943691,0.3768129711919135,1.3685902061049628,5.1945498955167855,1.7157738467618286e-17,1.0,1.9598642613982884,0.002056558788017851,1.4399049508101608e-15,0.002030886444463243,4.731713540767194e-18,9.89482070480478e-18,2.9600880347505483e-16,4.440892098500626e-16,0.8,1.1999999999999997,0.725999343488136,2.98500164127966,-1.1090838685206148,2.029682532698935,0.5127955892819066,True,matched-kernel,True,True,-2.2764241130040874,0.0
1.0,1.2,0.05,256,0.01,0.0,0.5235987755982988,laboratory,gaussian,0.0,-3.743794425688505,-3.3601720237550685,-3.743794425688505,0.0,-3.743794425688505,0.0,0.0,-0.38362240193343666,0.8882629289343904,-1.271885330867827,0.735649567148727,0.10615486703491152,0.4112046128795435,0.5887953871204565,0.5887953871204565,0.177590774240913,2.1601482598022175,0.6428683545160294,False,0.10246887470667845,0.10246887470667845,0.0,1.1102230246251565e-16,9.421737442355257e-16,1.1102230246251565e-16,1.3267734706893561,-1.24193016804096,-0.4684657045818329,5.003883213118034,4.948349684068385,inf,inf,0.0,0.0,176.1922400072186,182.94864493198014,113.03390335402472,114.12439129340333,1.8718972128442526,1.6800860118775343,-0.010231817860909653,-0.01472153316952366,-3.2959396168390885e-07,-1.1522204831791312e-06,0.10246887470667845,0.10246887470667845,0.35846264654224436,0.3761943886721079,0.4387993775540929,2.4958786177161447,4.060337512387182e-17,1.0,1.9923750744706785,0.0020238781564657334,1.3625676041414194e-15,0.002030886444463243,4.609695254551762e-18,9.89009730820059e-18,3.0205315244317655e-16,4.440892098500626e-16,0.8,1.1999999999999997,0.725999343488136,2.98500164127966,-11.399243973780276,0.7052285194102437,2.0448370496956145,True,matched-kernel,True,True,-2.2764241130040874,0.644594434008169
1.0,1.2,0.05,256,0.01,0.0,0.5235987755982988,gauge,gaussian,0.0,-2.2764241130040874,-3.3601720237550685,-2.2764241130040874,0.0,-2.2764241130040874,0.0,0.0,1.083747910750981,0.7766071607915461,0.3071407499594358,0.7688787492719882,0.024707800075826986,0.7165939173561101,0.2834060826438899,0.2834060826438899,0.9999999999999992,1.083747910750982,0.32252750843984146,False,0.4760746930064851,0.4760746930064851,8.326672684688674e-16,1.3322676295501878e-15,9.445669319177176e-16,1.2698175844150228e-15,1.1479223583417417,-0.01889531031752409,-0.04527913727323527,4.291392463587533,4.151126566247792,inf,inf,0.0,0.0,182.79682083308018,183.13024183394631,113.03390335402472,114.12439129340333,1.1382120565020437,1.6800860118775343,-0.0062153145493802145,-0.01472153316952366,-1.8600552140407065e-07,-1.1522204831791312e-06,0.4760746930064851,0.4760746930064851,0.3816418532943691,0.3768129711919136,1.3685902061049633,5.1945498955167855,2.6495799669021156e-17,1.0,1.9598642613982837,0.002056558788017853,1.4581951497012075e-15,0.002030886444463243,4.7407175549431764e-18,9.893848425137173e-18,3.0845923282892426e-16,4.440892098500626e-16,0.8,1.1999999999999997,0.725999343488136,2.98500164127966,-1.1090838685206141,2.0296825326989363,0.5127955892819069,True,matched-kernel,True,True,-2.2764241130040874,0.0
1.0,1.2,0.05,256,0.01,0.0,1.0471975511965976,laboratory,gaussian,0.0,-4.694820106281866,-3.3601720237550685,-4.694820106281866,0.0,-4.694820106281866,0.0,0.0,-1.3346480825267975,1.1402048390979387,-2.4748529216247364,0.6606706945248196,0.22528695364073126,0.3154043211940281,0.6845956788059718,0.6845956788059718,0.36919135761194366,3.6150577607226753,1.0758549666998198,False,0.284280984641133,0.284280984641133,4.440892098500626e-16,8.881784197001252e-16,9.501434098608316e-16,5.551115123125783e-16,1.3277240376489527,-2.167456987232619,-0.49491513294313083,7.008286886718609,6.947144217168426,inf,inf,0.0,0.0,161.90246922125226,182.98289319753695,113.03390335402472,114.12439129340333,2.347410053140933,1.6800860118775343,-0.012828576552272649,-0.01472153316952366,-4.894085197595585e-07,-1.1522204831791312e-06,0.284280984641133,0.284280984641133,0.301839534024925,0.3763111441778236,0.14755780655303202,1.3543122701362158,1.654337367299773e-17,1.0,2.044348550370473,0.0019736107553842853,1.3446798949501813e-15,0.002030886444463243,4.657513860132135e-18,9.902734285743973e-18,3.0676912558092054e-16,4.440892098500626e-16,0.8,1.1999999999999997,0.725999343488136,2.98500164127966,-19.471775879585064,0.8274337151097759,3.1475020211170626,True,matched-kernel,True,True,-2.2764241130040874,1.0623661818826624
1.0,1.2,0.05,256,0.01,0.0,1.0471975511965976,gauge,gaussian,0.0,-2.2764241130040874,-3.3601720237550685,-2.2764241130040874,0.0,-2.2764241130040874,0.0,0.0,1.083747910750981,0.7766071607915461,0.3071407499594357,0.7688787492719882,0.02470780007582698,0.7165939173561102,0.28340608264388983,0.28340608264388983,0.9999999999999993,1.0837479107509818,0.3225275084398414,False,0.4760746930064851,0.4760746930064851,7.216449660063518e-16,1.3322676295501878e-15,9.519015863536988e-16,1.2628786905111156e-15,1.1479223583417417,-0.01889531031752411,-0.04527913727323526,4.291392463587532,4.151126566247792,inf,inf,0.0,0.0,182.79682083308018,183.1302418339463,113.03390335402472,114.12439129340333,1.1382120565020437,1.6800860118775343,-0.006215314549380215,-0.01472153316952366,-1.8600552140407068e-07,-1.1522204831791312e-06,0.4760746930064851,0.4760746930064851,0.3816418532943691,0.3768129711919135,1.3685902061049628,5.1945498955167855,2.482557734031495e-17,1.0,1.95986426139828,0.002056558788017857,1.461362283062152e-15,0.002030886444463243,4.7296033659405715e-18,9.908561301112967e-18,3.037168796902058e-16,4.440892098500626e-16,0.8,1.1999999999999997,0.725999343488136,2.98500164127966,-1.1090838685206146,2.0296825326989354,0.5127955892819067,True,matched-kernel,True,True,-2.2764241130040874,0.0
1.0,1.2,0.05,256,0.01,0.0,1.5707963267948966,laboratory,gaussian,0.0,-4.890845596936753,-3.3601720237550685,-4.890845596936753,0.0,-4.890845596936753,0.0,0.0,-1.5306735731816845,1.4303678922020906,-2.9610414653837753,0.5743170640997058,0.3032443362958679,0.3257195528199223,0.6742804471800776,0.6742804471800776,0.3485608943601553,4.391409357585866,1.3069001606287902,False,0.312967061184753,0.312967061184753,4.440892098500626e-16,2.6645352591003757e-15,1.0886062710474397e-15,3.039235529911366e-15,1.14542172138969,-2.581429317970106,-0.09466597660126526,8.958240669387708,8.788233437205758,inf,inf,0.0,0.0,144.70121906162817,183.0521671227857,113.03390335402472,114.12439129340333,2.4454227984683765,1.6800860118775343,-0.013359157866883176,-0.01472153316952366,-6.380206014274102e-07,-1.1522204831791312e-06,0.312967061184753,0.312967061184753,0.21884622612692958,0.37654717184062486,0.10198062753774004,0.8059299035193039,2.879592733438998e-17,1.0,2.108058580820236,0.0019151262250921102,1.216307666064365e-15,0.002030886444463243,4.667560647410667e-18,9.90953213721806e-18,2.9919545801056837e-16,4.440892098500626e-16,0.8,1.1999999999999997,0.725999343488136,2.98500164127966,-23.16365118090011,0.854937721280929,3.7361239936521464,True,matched-kernel,True,True,-2.2764241130040874,1.1484773285425005
1.0,1.2,0.05,256,0.01,0.0,1.5707963267948966,gauge,gaussian,0.0,-2.2764241130040874,-3.3601720237550685,-2.2764241130040874,0.0,-2.2764241130040874,0.0,0.0,1.083747910750981,0.7766071607915461,0.30714074995943574,0.7688787492719882,0.024707800075826986,0.7165939173561101,0.28340608264388983,0.28340608264388983,0.9999999999999992,1.083747910750982,0.32252750843984146,False,0.4760746930064851,0.4760746930064851,7.771561172376096e-16,1.3322676295501878e-15,9.538998464068242e-16,1.1726730697603216e-15,1.1479223583417415,-0.018895310317523995,-0.045279137273235244,4.291392463587533,4.151126566247793,inf,inf,0.0,0.0,182.7968208330802,183.1302418339463,113.03390335402472,114.12439129340333,1.1382120565020437,1.6800860118775343,-0.006215314549380215,-0.01472153316952366,-1.8600552140407057e-07,-1.1522204831791312e-06,0.4760746930064851,0.4760746930064851,0.3816418532943692,0.3768129711919135,1.3685902061049628,5.194549895516789,1.203319268636061e-17,1.0,1.9598642613982828,0.0020565587880178537,1.4625806566020695e-15,0.002030886444463243,4.7387074462605536e-18,9.892181437662175e-18,3.0117446230133495e-16,4.440892098500626e-16,0.8,1.1999999999999997,0.725999343488136,2.98500164127966,-1.1090838685206132,2.029682532698939,0.5127955892819073,True,matched-kernel,True,True,-2.2764241130040874,0.0
0.0,0.8,0.05,256,0.01,0.0,0.0,laboratory,gaussian,0.0,-3.3601720237550685,-3.3601720237550685,-3.3601720237550685,0.0,-3.3601720237550685,0.0,0.0,0.0,-0.0,0.0,1.0,0.0,nan,nan,nan,nan,0.0,0.0,True,0.0,0.0,0.0,0.0,1.7281561276636874e-17,0.0,0.0,0.0,0.0,0.0,0.0,0.0,0.0,0.0,0.0,437.30858516782666,438.39919206892966,113.03390335402472,114.12439129340333,1.6800860118775343,1.6800860118775343,-0.0038323200459123422,-0.01472153316952366,-2.0039448442133178e-08,-1.1522204831791312e-06,0.0,0.0,0.7415237038837336,0.7396792846382355,2.8414153810629807,56.497614592853466,3.9699912456356603e-17,nan,9.051454743141493,0.0003007430816327856,1.0326791794412816e-15,0.0026484423089651265,4.748366319823011e-18,1.1149551306584217e-17,2.9828268913330016e-16,4.440892098500626e-16,0.8,0.7999999999999999,0.725999343488136,3.38500164127966,-3.3601720237550685,0.0,0.0,True,decoupled-control,True,True,-3.3601720237550685,0.0
0.0,0.8,0.05,256,0.01,0.0,0.5235987755982988,laboratory,gaussian,0.0,-3.3601720237550685,-3.3601720237550685,-3.3601720237550685,0.0,-3.3601720237550685,0.0,0.0,0.0,-0.0,0.0,1.0,0.0,nan,nan,nan,nan,0.0,0.0,True,0.0,0.0,0.0,0.0,1.7281561276636874e-17,0.0,0.0,0.0,0.0,0.0,0.0,0.0,0.0,0.0,0.0,437.30858516782655,438.39919206892966,113.03390335402472,114.12439129340333,1.6800860118775343,1.6800860118775343,-0.0038323200459123422,-0.01472153316952366,-2.0039448442133188e-08,-1.1522204831791312e-06,0.0,0.0,0.7415237038837335,0.7396792846382355,2.8414153810629807,56.49761459285344,4.198479950420448e-17,nan,9.051454743141484,0.00030074308163278594,1.0294491522882391e-15,0.0026484423089651265,4.748366319823011e-18,1.1136088369929213e-17,2.9950820117119816e-16,4.440892098500626e-16,0.8,0.7999999999999999,0.725999343488136,3.38500164127966,-3.3601720237550685,0.0,0.0,True,decoupled-control,True,True,-3.3601720237550685,0.0
0.0,0.8,0.05,256,0.01,0.0,0.5235987755982988,gauge,gaussian,0.0,-3.3601720237550685,-3.3601720237550685,-3.3601720237550685,0.0,-3.3601720237550685,0.0,0.0,0.0,-0.0,0.0,1.0,0.0,nan,nan,nan,nan,0.0,0.0,True,0.0,0.0,0.0,0.0,1.7281561276636874e-17,0.0,0.0,0.0,0.0,0.0,0.0,0.0,0.0,0.0,0.0,437.3085851678266,438.39919206892966,113.03390335402472,114.12439129340333,1.6800860118775343,1.6800860118775343,-0.0038323200459123422,-0.01472153316952366,-2.0039448442133185e-08,-1.1522204831791312e-06,0.0,0.0,0.7415237038837333,0.7396792846382355,2.8414153810629807,56.497614592853445,6.023216134465615e-17,nan,9.051454743141516,0.00030074308163278486,1.025823954605931e-15,0.0026484423089651265,4.748366319823011e-18,1.1108017536844201e-17,3.016398170257287e-16,4.440892098500626e-16,0.8,0.7999999999999999,0.725999343488136,3.38500164127966,-3.3601720237550685,0.0,0.0,True,decoupled-control,True,True,-3.3601720237550685,0.0
0.0,0.8,0.05,256,0.01,0.0,1.0471975511965976,laboratory,gaussian,0.0,-3.3601720237550685,-3.3601720237550685,-3.3601720237550685,0.0,-3.3601720237550685,0.0,0.0,0.0,-0.0,0.0,1.0,0.0,nan,nan,nan,nan,0.0,0.0,True,0.0,0.0,0.0,0.0,1.7281561276636874e-17,0.0,0.0,0.0,0.0,0.0,0.0,0.0,0.0,0.0,0.0,437.30858516782666,438.39919206892966,113.03390335402472,114.12439129340333,1.6800860118775343,1.6800860118775343,-0.0038323200459123422,-0.01472153316952366,-2.0039448442133178e-08,-1.1522204831791312e-06,0.0,0.0,0.7415237038837336,0.7396792846382355,2.8414153810629807,56.497614592853466,5.772513250048974e-17,nan,9.051454743141512,0.00030074308163278497,1.0332609016417116e-15,0.0026484423089651265,4.748366319823011e-18,1.1156568998149674e-17,3.018979364585863e-16,4.440892098500626e-16,0.8,0.7999999999999999,0.725999343488136,3.38500164127966,-3.3601720237550685,0.0,0.0,True,decoupled-control,True,True,-3.3601720237550685,0.0
0.0,0.8,0.05,256,0.01,0.0,1.0471975511965976,gauge,gaussian,0.0,-3.3601720237550685,-3.3601720237550685,-3.3601720237550685,0.0,-3.3601720237550685,0.0,0.0,0.0,-0.0,0.0,1.0,0.0,nan,nan,nan,nan,0.0,0.0,True,0.0,0.0,0.0,0.0,1.7281561276636874e-17,0.0,0.0,0.0,0.0,0.0,0.0,0.0,0.0,0.0,0.0,437.30858516782666,438.39919206892966,113.03390335402472,114.12439129340333,1.6800860118775343,1.6800860118775343,-0.0038323200459123422,-0.01472153316952366,-2.0039448442133178e-08,-1.1522204831791312e-06,0.0,0.0,0.7415237038837336,0.7396792846382355,2.8414153810629807,56.497614592853466,4.509478465266406e-17,nan,9.051454743141505,0.00030074308163278524,1.0432890963573062e-15,0.0026484423089651265,4.748366319823011e-18,1.1143777893955055e-17,3.023396316844119e-16,4.440892098500626e-16,0.8,0.7999999999999999,0.725999343488136,3.38500164127966,-3.3601720237550685,0.0,0.0,True,decoupled-control,True,True,-3.3601720237550685,0.0
0.0,0.8,0.05,256,0.01,0.0,1.5707963267948966,laboratory,gaussian,0.0,-3.3601720237550685,-3.3601720237550685,-3.3601720237550685,0.0,-3.3601720237550685,0.0,0.0,0.0,-0.0,0.0,1.0,0.0,nan,nan,nan,nan,0.0,0.0,True,0.0,0.0,0.0,0.0,1.7281561276636874e-17,0.0,0.0,0.0,0.0,0.0,0.0,0.0,0.0,0.0,0.0,437.30858516782666,438.39919206892966,113.03390335402472,114.12439129340333,1.6800860118775343,1.6800860118775343,-0.0038323200459123422,-0.01472153316952366,-2.0039448442133178e-08,-1.1522204831791312e-06,0.0,0.0,0.7415237038837336,0.7396792846382355,2.8414153810629807,56.497614592853466,5.76616634158273e-17,nan,9.05145474314151,0.000300743081632785,1.0256354911274008e-15,0.0026484423089651265,4.748366319823011e-18,1.1141670633621563e-17,2.9888714366108e-16,4.440892098500626e-16,0.8,0.7999999999999999,0.725999343488136,3.38500164127966,-3.3601720237550685,0.0,0.0,True,decoupled-control,True,True,-3.3601720237550685,0.0
0.0,0.8,0.05,256,0.01,0.0,1.5707963267948966,gauge,gaussian,0.0,-3.3601720237550685,-3.3601720237550685,-3.3601720237550685,0.0,-3.3601720237550685,0.0,0.0,0.0,-0.0,0.0,1.0,0.0,nan,nan,nan,nan,0.0,0.0,True,0.0,0.0,0.0,0.0,1.7281561276636874e-17,0.0,0.0,0.0,0.0,0.0,0.0,0.0,0.0,0.0,0.0,437.30858516782666,438.39919206892966,113.03390335402472,114.12439129340333,1.6800860118775343,1.6800860118775343,-0.0038323200459123422,-0.01472153316952366,-2.0039448442133178e-08,-1.1522204831791312e-06,0.0,0.0,0.7415237038837336,0.7396792846382355,2.8414153810629807,56.497614592853466,4.0334603302981014e-17,nan,9.051454743141505,0.00030074308163278524,1.019206656626283e-15,0.0026484423089651265,4.748366319823011e-18,1.1148303254495086e-17,3.002798275125838e-16,4.440892098500626e-16,0.8,0.7999999999999999,0.725999343488136,3.38500164127966,-3.3601720237550685,0.0,0.0,True,decoupled-control,True,True,-3.3601720237550685,0.0
