eta,delta_P,xi,n,omega,H_real,H_imag,H0_real,H0_imag,chi_yxx_real,chi_yxx_imag,chi_yxx_Aonly_real,chi_yxx_Aonly_imag,sigma_xx_real,sigma_xx_imag,sigma_xx_Aonly_real,sigma_xx_Aonly_imag,sigma_yy_real,sigma_yy_imag,sigma_yy_Aonly_real,sigma_yy_Aonly_imag,fixed_E_signal_real,fixed_E_signal_imag,fixed_E_Aonly_real,fixed_E_Aonly_imag,fixed_j_signal_real,fixed_j_signal_imag,fixed_j_Aonly_real,fixed_j_Aonly_imag,H_omission,chi_omission,sigma_xx_omission,sigma_yy_omission,fixed_E_omission,fixed_j_omission,sigma_xy_residual,sample
0.0,0.8,0.05,256,0.0,-3.3601720237550685,0.0,-3.3601720237550685,0.0,1.6800860118775343,0.0,1.6800860118775343,0.0,437.30858516782666,0.0,113.03390335402472,0.0,438.39919206892966,0.0,114.12439129340333,0.0,-0.0038323200459123422,0.0,-0.01472153316952366,0.0,-2.0039448442133178e-08,0.0,-1.1522204831791312e-06,0.0,0.0,0.0,0.7415237038837336,0.7396792846382355,2.8414153810629807,56.497614592853466,3.9699912456356603e-17,central-sweep
0.001,0.8,0.05,256,0.0,-3.35803314936158,0.0,-3.3601720237550685,0.0,1.67901657468079,0.0,1.6800860118775343,0.0,435.8551419390741,0.0,113.03390335402472,0.0,436.940214871432,0.0,114.12439129340333,0.0,-0.0038426688996224213,0.0,-0.01472153316952366,0.0,-2.02277984512514e-08,0.0,-1.1522204831791312e-06,0.0,0.0006369426084716691,0.0006369426084716691,0.740661764706621,0.7388100536203013,2.8310699032566116,55.96222878411411,8.472721737846643e-17,central-sweep
0.0012742749857031334,0.8,0.05,256,0.0,-3.357449415902721,0.0,-3.3601720237550685,0.0,1.6787247079513605,0.0,1.6800860118775343,0.0,435.45901899985586,0.0,113.03390335402472,0.0,436.542586562516,0.0,114.12439129340333,0.0,-0.0038455004382738616,0.0,-0.01472153316952366,0.0,-2.0279548674930853e-08,0.0,-1.1522204831791312e-06,0.0,0.0008109155239842766,0.0008109155239842766,0.7404258531293341,0.7385721466671616,2.828248990170899,55.816870121152235,1.121800466911975e-17,central-sweep
0.001623776739188721,0.8,0.05,256,0.0,-3.356707374117547,0.0,-3.3601720237550685,0.0,1.6783536870587734,0.0,1.6800860118775343,0.0,434.9558083095544,0.0,113.03390335402472,0.0,436.0374653172023,0.0,114.12439129340333,0.0,-0.0038491043099652656,0.0,-0.01472153316952366,0.0,-2.034554890149537e-08,0.0,-1.1522204831791312e-06,0.0,0.001032157186008065,0.001032157186008065,0.740125545642606,0.7382692993814608,2.8246646450733643,55.632558244444546,6.725827346131858e-17,central-sweep
0.00206913808111479,0.8,0.05,256,0.0,-3.3557647050742947,0.0,-3.3601720237550685,0.0,1.6778823525371473,0.0,1.6800860118775343,0.0,434.31709683067675,0.0,113.03390335402472,0.0,435.39633169271616,0.0,114.12439129340333,0.0,-0.003853689685473335,0.0,-0.01472153316952366,0.0,-2.0429742338824434e-08,0.0,-1.1522204831791312e-06,0.0,0.0013133574812648386,0.0013133574812648386,0.7397433714240998,0.7378838933949784,2.8201138054828787,55.39916862727463,1.4730389906563273e-17,central-sweep
0.0026366508987303583,0.8,0.05,256,0.0,-3.3545681500447952,0.0,-3.3601720237550685,0.0,1.6772840750223976,0.0,1.6800860118775343,0.0,433.50726175324957,0.0,113.03390335402472,0.0,434.5834301580305,0.0,114.12439129340333,0.0,-0.003859521460384432,0.0,-0.01472153316952366,0.0,-2.0537175126828738e-08,0.0,-1.1522204831791312e-06,0.0,0.0016705201562825412,0.0016705201562825412,0.7392571859191527,0.7373935972388466,2.8143415759261785,55.1041368184044,1.994398379695331e-17,central-sweep
0.003359818286283781,0.8,0.05,256,0.0,-3.3530509058568443,0.0,-3.3601720237550685,0.0,1.6765254529284221,0.0,1.6800860118775343,0.0,432.4818415580075,0.0,113.03390335402472,0.0,433.5541346453132,0.0,114.12439129340333,0.0,-0.003866934527795411,0.0,-0.01472153316952366,0.0,-2.0674311890017573e-08,0.0,-1.1522204831791312e-06,0.0,0.0021237726769330048,0.0021237726769330048,0.7386389612409568,0.7367701466236333,2.807029331297366,54.73198708177909,3.786468711432506e-17,central-sweep
0.004281332398719396,0.8,0.05,256,0.0,-3.3511295320263534,0.0,-3.3601720237550685,0.0,1.6755647660131767,0.0,1.6800860118775343,0.0,431.1856619967475,0.0,113.03390335402472,0.0,432.25306848545534,0.0,114.12439129340333,0.0,-0.00387635135103629,0.0,-0.01472153316952366,0.0,-2.0849445651656473e-08,0.0,-1.1522204831791312e-06,0.0,0.0026983414524258276,0.0026983414524258276,0.7378532884637585,0.735977834250485,2.7977809120909685,54.26384261864478,2.4621662102155292e-17,central-sweep
0.00545559478116852,0.8,0.05,256,0.0,-3.348700356172715,0.0,-3.3601720237550685,0.0,1.6743501780863574,0.0,1.6800860118775343,0.0,429.55075976272536,0.0,113.03390335402472,0.0,430.6120218789237,0.0,114.12439129340333,0.0,-0.003888303375229823,0.0,-0.01472153316952366,0.0,-2.1073232526342357e-08,0.0,-1.1522204831791312e-06,0.0,0.0034257073975602842,0.0034257073975602842,0.7368555385248015,0.7349716554697305,2.7861071395061923,53.676969076235025,3.10153712750061e-18,central-sweep
0.0069519279617756054,0.8,0.05,256,0.0,-3.345635415857794,0.0,-3.3601720237550685,0.0,1.672817707928897,0.0,1.6800860118775343,0.0,427.49421155624293,0.0,113.03390335402472,0.0,428.5477753332268,0.0,114.12439129340333,0.0,-0.003903456753749709,0.0,-0.01472153316952366,0.0,-2.1359392432366944e-08,0.0,-1.1522204831791312e-06,0.0,0.0043449468009494185,0.0043449468009494185,0.7355896283541761,0.7336950560420868,2.771409316980897,52.94444092113381,6.476388668703022e-17,central-sweep
0.008858667904100823,0.8,0.05,256,0.0,-3.3417780576048832,0.0,-3.3601720237550685,0.0,1.6708890288024416,0.0,1.6800860118775343,0.0,424.91607795747177,0.0,113.03390335402472,0.0,425.96003972440735,0.0,114.12439129340333,0.0,-0.0039226426729687906,0.0,-0.01472153316952366,0.0,-2.1725632057921252e-08,0.0,-1.1522204831791312e-06,0.0,0.005504245294904056,0.005504245294904056,0.733985346242093,0.7320772357725366,2.7529630906660936,52.03507304677136,1.3945848842485703e-17,central-sweep
0.011288378916846888,0.8,0.05,256,0.0,-3.33693843233449,0.0,-3.3601720237550685,0.0,1.668469216167245,0.0,1.6800860118775343,0.0,421.69781996718433,0.0,113.03390335402472,0.0,422.7298728109779,0.0,114.12439129340333,0.0,-0.003946892149051635,0.0,-0.01472153316952366,0.0,-2.219486702962176e-08,0.0,-1.1522204831791312e-06,0.0,0.006962547224560141,0.006962547224560141,0.731955210575144,0.7300299821857311,2.729905103452338,50.91382681596391,1.4578828032215625e-17,central-sweep
0.01438449888287663,0.8,0.05,256,0.0,-3.3308892759860047,0.0,-3.3601720237550685,0.0,1.6654446379930024,0.0,1.6800860118775343,0.0,417.701745532666,0.0,113.03390335402472,0.0,418.7191323994953,0.0,114.12439129340333,0.0,-0.003977474419306018,0.0,-0.01472153316952366,0.0,-2.279684859763828e-08,0.0,-1.1522204831791312e-06,0.0,0.008791270241306829,0.008791270241306829,0.7293908762342365,0.7274440490946602,2.7012263606442617,49.5429721237215,5.996960094375791e-17,central-sweep
0.018329807108324356,0.8,0.05,256,0.0,-3.32336251847069,0.0,-3.3601720237550685,0.0,1.661681259235345,0.0,1.6800860118775343,0.0,412.77228207259077,0.0,113.03390335402472,0.0,413.77176605072714,0.0,114.12439129340333,0.0,-0.00401593679311514,0.0,-0.01472153316952366,0.0,-2.3570338302018303e-08,0.0,-1.1522204831791312e-06,0.0,0.011075982556762199,0.011075982556762199,0.7261591723493043,0.7241851652115576,2.665778105562326,47.884342193784626,2.3232062305756655e-17,central-sweep
0.023357214690901212,0.8,0.05,256,0.0,-3.314047359466135,0.0,-3.3601720237550685,0.0,1.6570236797330675,0.0,1.6800860118775343,0.0,406.74010436346816,0.0,113.03390335402472,0.0,407.7179713340874,0.0,114.12439129340333,0.0,-0.004064141873146153,0.0,-0.01472153316952366,0.0,-2.4566023822468857e-08,0.0,-1.1522204831791312e-06,0.0,0.013917925510987195,0.013917925510987195,0.7220979634380579,0.7200898677093415,2.6222980469250587,45.903010902613964,1.7469207686615285e-17,central-sweep
0.029763514416313176,0.8,0.05,256,0.0,-3.3025903690727993,0.0,-3.3601720237550685,0.0,1.6512951845363997,0.0,1.6800860118775343,0.0,399.4302763067941,0.0,113.03390335402472,0.0,400.3823897499541,0.0,114.12439129340333,0.0,-0.004124295240776356,0.0,-0.01472153316952366,0.0,-2.5850430827811094e-08,0.0,-1.1522204831791312e-06,0.0,0.017435300248403254,0.017435300248403254,0.7170121794492972,0.7149615112575854,2.5694663718479287,43.57258336830189,9.172404293281406e-18,central-sweep
0.0379269019073225,0.8,0.05,256,0.0,-3.288597746190007,0.0,-3.3601720237550685,0.0,1.6442988730950034,0.0,1.6800860118775343,0.0,390.67542088006087,0.0,113.03390335402472,0.0,391.5973514438634,0.0,114.12439129340333,0.0,-0.004198952998615259,0.0,-0.01472153316952366,0.0,-2.7511155773531664e-08,0.0,-1.1522204831791312e-06,0.0,0.021764375910061896,0.021764375910061896,0.7106705533217391,0.7085669990549888,2.50600094222978,40.8819366465031,3.907480679027028e-19,central-sweep
0.04832930238571752,0.8,0.05,256,0.0,-3.271638922078292,0.0,-3.3601720237550685,0.0,1.635819461039146,0.0,1.6800860118775343,0.0,380.33428893158543,0.0,113.03390335402472,0.0,381.2215395932934,0.0,114.12439129340333,0.0,-0.004290994319954538,0.0,-0.01472153316952366,0.0,-2.966381321942679e-08,0.0,-1.1522204831791312e-06,0.0,0.02706078017330106,0.02706078017330106,0.7028038053798582,0.7006349866401645,2.430797636124494,37.842628715870674,5.947608402671944e-18,central-sweep
0.06158482110660261,0.8,0.05,256,0.0,-3.2512491687933345,0.0,-3.3601720237550685,0.0,1.6256245843966672,0.0,1.6800860118775343,0.0,368.3147525572912,0.0,113.03390335402472,0.0,369.1630903221004,0.0,114.12439129340333,0.0,-0.004403540405348447,0.0,-0.01472153316952366,0.0,-3.2461139168078584e-08,0.0,-1.1522204831791312e-06,0.0,0.03350184784581108,0.03350184784581108,0.693105142899639,0.6908564418132157,2.3431129987232993,34.495380405879104,3.093458437683239e-17,central-sweep
0.07847599703514611,0.8,0.05,256,0.0,-3.2269270074353598,0.0,-3.3601720237550685,0.0,1.6134635037176799,0.0,1.6800860118775343,0.0,354.59820388945116,0.0,113.03390335402472,0.0,355.40408824850306,0.0,114.12439129340333,0.0,-0.004539800067211173,0.0,-0.01472153316952366,0.0,-3.6104693620698626e-08,0.0,-1.1522204831791312e-06,0.0,0.04129161149684848,0.04129161149684848,0.681233852528864,0.6788883553483321,2.24277125678955,30.91331562826417,5.721779059363226e-17,central-sweep
0.1,0.8,0.05,256,0.0,-3.1981207440413892,0.0,-3.3601720237550685,0.0,1.5990603720206946,0.0,1.6800860118775343,0.0,339.260042144188,0.0,113.03390335402472,0.0,340.0211095590771,0.0,114.12439129340333,0.0,-0.00470282675712187,0.0,-0.01472153316952366,0.0,-4.085954791121066e-08,0.0,-1.1522204831791312e-06,0.0,0.05067078221346293,0.05067078221346293,0.6668222327639031,0.6643608644139939,2.13035838439714,27.199540672426178,1.2490661972255314e-16,central-sweep
0.12742749857031335,0.8,0.05,256,0.0,-3.164198589645612,0.0,-3.3601720237550685,0.0,1.582099294822806,0.0,1.6800860118775343,0.0,322.4794113405335,0.0,113.03390335402472,0.0,323.1949404340394,0.0,114.12439129340333,0.0,-0.0048951858364431776,0.0,-0.01472153316952366,0.0,-4.7072276151729874e-08,0.0,-1.1522204831791312e-06,0.0,0.06193461900613678,0.06193461900613678,0.6494848992555913,0.6468868258267338,2.0073491919196,23.4776878743899,4.350802866879608e-17,central-sweep
0.1623776739188721,0.8,0.05,256,0.0,-3.1243997803328485,0.0,-3.3601720237550685,0.0,1.5621998901664242,0.0,1.6800860118775343,0.0,304.53197333270464,0.0,113.03390335402472,0.0,305.20323001591566,0.0,114.12439129340333,0.0,-0.005118556216082507,0.0,-0.01472153316952366,0.0,-5.5192705590887105e-08,0.0,-1.1522204831791312e-06,0.0,0.07546161182904153,0.07546161182904153,0.6288274688630678,0.6260708273387146,1.876110478823812,19.876318180882492,1.6177659829471338e-17,central-sweep
0.20691380811147903,0.8,0.05,256,0.0,-3.077770408776148,0.0,-3.3601720237550685,0.0,1.538885204388074,0.0,1.6800860118775343,0.0,285.76316583120547,0.0,113.03390335402472,0.0,286.3935255534283,0.0,114.12439129340333,0.0,-0.0053733240003045624,0.0,-0.01472153316952366,0.0,-6.580070265556816e-08,0.0,-1.1522204831791312e-06,0.0,0.09175525704375564,0.09175525704375564,0.6044490092862719,0.6015119717777531,1.7397441823141944,16.510762600977003,3.790416218441952e-17,central-sweep
0.26366508987303583,0.8,0.05,256,0.0,-3.0230964730961993,0.0,-3.3601720237550685,0.0,1.5115482365480997,0.0,1.6800860118775343,0.0,266.54552605939386,0.0,113.03390335402472,0.0,267.1402989468904,0.0,114.12439129340333,0.0,-0.005658256139215474,0.0,-0.01472153316952366,0.0,-7.964156923271619e-08,0.0,-1.1522204831791312e-06,0.0,0.11150009722105979,0.11150009722105979,0.5759302171560833,0.5727923052294999,1.6017792067583605,13.467576345868977,1.1220084301537333e-17,central-sweep
0.3359818286283781,0.8,0.05,256,0.0,-2.958855901710163,0.0,-3.3601720237550685,0.0,1.4794279508550816,0.0,1.6800860118775343,0.0,247.22987429057684,0.0,113.03390335402472,0.0,247.79581199317101,0.0,114.12439129340333,0.0,-0.005970350906882369,0.0,-0.01472153316952366,0.0,-9.767827051938771e-08,0.0,-1.1522204831791312e-06,0.0,0.13563219547560668,0.13563219547560668,0.5427983625426573,0.5394418074485113,1.465773519702719,10.796077848761994,5.68909319052954e-17,central-sweep
0.42813323987193913,0.8,0.05,256,0.0,-2.8832186419872583,0.0,-3.3601720237550685,0.0,1.4416093209936292,0.0,1.6800860118775343,0.0,228.10333160991723,0.0,113.03390335402472,0.0,228.6478554528514,0.0,114.12439129340333,0.0,-0.006304932614121535,0.0,-0.01472153316952366,0.0,-1.2117616179513752e-07,0.0,-1.1522204831791312e-06,0.0,0.16542393796367455,0.16542393796367455,0.504461848249873,0.5008726800985173,1.3349231578702299,8.508639868682215,4.6846736242727203e-17,central-sweep
0.5455594781168515,0.8,0.05,256,0.0,-2.7941271645071843,0.0,-3.3601720237550685,0.0,1.3970635822535922,0.0,1.6800860118775343,0.0,209.36543510969616,0.0,113.03390335402472,0.0,209.89567756705267,0.0,114.12439129340333,0.0,-0.006655990244521783,0.0,-0.01472153316952366,0.0,-1.518457736736807e-07,0.0,-1.1522204831791312e-06,0.0,0.20258378589140577,0.20258378589140577,0.46011191725701495,0.45628041217311166,1.2117720472382343,6.588097154783337,3.416991735612922e-17,central-sweep
0.6951927961775606,0.8,0.05,256,0.0,-2.6894863435159246,0.0,-3.3601720237550685,0.0,1.3447431717579623,0.0,1.6800860118775343,0.0,191.12770739511507,0.0,113.03390335402472,0.0,191.64949724649702,0.0,114.12439129340333,0.0,-0.007016679882172462,0.0,-0.01472153316952366,0.0,-1.920809799007815e-07,0.0,-1.1522204831791312e-06,0.0,0.24937314958155418,0.24937314958155418,0.408594887185291,0.4045150499580071,1.0980767851369708,4.9986183107474,1.2198484371986024e-17,central-sweep
0.8858667904100823,0.8,0.05,256,0.0,-2.567477283768828,0.0,-3.3601720237550685,0.0,1.283738641884414,0.0,1.6800860118775343,0.0,173.43462929271672,0.0,113.03390335402472,0.0,173.9515778514461,0.0,114.12439129340333,0.0,-0.0073798620152829035,0.0,-0.01472153316952366,0.0,-2.4534465947408943e-07,0.0,-1.1522204831791312e-06,0.0,0.3087445972735679,0.3087445972735679,0.3482622022200067,0.34393011720270183,0.9948249898218885,3.6963340699935467,2.3605132492863623e-17,central-sweep
1.1288378916846884,0.8,0.05,256,0.0,-2.4269789703527938,0.0,-3.3601720237550685,0.0,1.2134894851763969,0.0,1.6800860118775343,0.0,156.2979409494829,0.0,113.03390335402472,0.0,156.81080143222914,0.0,114.12439129340333,0.0,-0.007738558020831528,0.0,-0.01472153316952366,0.0,-3.1677691840804065e-07,0.0,-1.1522204831791312e-06,0.0,0.3845080920773791,0.3845080920773791,0.2768049107533769,0.27221600648010286,0.9023612835743516,2.637324616230261,3.851292233968125e-17,central-sweep
1.438449888287663,0.8,0.05,256,0.0,-2.268033855958458,0.0,-3.3601720237550685,0.0,1.134016927979229,0.0,1.6800860118775343,0.0,139.73322280746675,0.0,113.03390335402472,0.0,140.2396826875813,0.0,114.12439129340333,0.0,-0.008086277052590978,0.0,-0.01472153316952366,0.0,-4.141419896183953e-07,0.0,-1.1522204831791312e-06,0.0,0.4815352138273436,0.4815352138273436,0.19107352508594208,0.18621898519519803,0.820557603181137,1.7821870567648233,7.423894030294264e-18,central-sweep
1.8329807108324356,0.8,0.05,256,0.0,-2.092241054898709,0.0,-3.3601720237550685,0.0,1.0461205274493546,0.0,1.6800860118775343,0.0,123.7880836239174,0.0,113.03390335402472,0.0,124.28308856590255,0.0,114.12439129340333,0.0,-0.008417239541763055,0.0,-0.01472153316952366,0.0,-5.49303046206324e-07,0.0,-1.1522204831791312e-06,0.0,0.6060157197889147,0.6060157197889147,0.08687573112905711,0.0817383715654318,0.7489740070341544,1.0976043936707844,1.2892562443630122e-17,central-sweep
2.3357214690901213,0.8,0.05,256,0.0,-1.9029325430867519,0.0,-3.3601720237550685,0.0,0.9514662715433759,0.0,1.6800860118775343,0.0,108.55452213777903,0.0,113.03390335402472,0.0,109.03111257622368,0.0,114.12439129340333,0.0,-0.008726557484939957,0.0,-0.01472153316952366,0.0,-7.40537599709551e-07,0.0,-1.1522204831791312e-06,0.0,0.7657861998116469,0.7657861998116469,0.04126388406519248,0.04671399380263083,0.6869805985842251,0.5559243495955477,2.5568327388886776e-19,central-sweep
2.976351441631316,0.8,0.05,256,0.0,-1.7050164678920652,0.0,-3.3601720237550685,0.0,0.8525082339460326,0.0,1.6800860118775343,0.0,94.16320954522831,0.0,113.03390335402472,0.0,94.61370626046369,0.0,114.12439129340333,0.0,-0.009010409460117207,0.0,-0.01472153316952366,0.0,-1.0162066231716511e-06,0.0,-1.1522204831791312e-06,0.0,0.970756345778463,0.970756345778463,0.20040410580665757,0.20621415019118214,0.6338362018602607,0.13384468956025047,3.743455772386104e-17,central-sweep
3.792690190732246,0.8,0.05,256,0.0,-1.504466670409068,0.0,-3.3601720237550685,0.0,0.752233335204534,0.0,1.6800860118775343,0.0,80.7631088691679,0.0,113.03390335402472,0.0,81.18037373729331,0.0,114.12439129340333,0.0,-0.009266196995333206,0.0,-0.01472153316952366,0.0,-1.4206119792019641e-06,0.0,-1.1522204831791312e-06,0.0,1.23346391770941,1.23346391770941,0.39957345546385364,0.40581258793806135,0.5887351819670961,0.18892667382236436,5.326830876943688e-18,central-sweep
4.832930238571752,0.8,0.05,256,0.0,-1.307564189446711,0.0,-3.3601720237550685,0.0,0.6537820947233555,0.0,1.6800860118775343,0.0,68.49410250389118,0.0,113.03390335402472,0.0,68.87258313737391,0.0,114.12439129340333,0.0,-0.009492632117766159,0.0,-0.01472153316952366,0.0,-2.0233932254344706e-06,0.0,-1.1522204831791312e-06,0.0,1.5697950822413607,1.5697950822413607,0.6502720558693824,0.6570366043301983,0.55083784843734,0.4305503899610408,5.424960032626496e-17,central-sweep
6.158482110660261,0.8,0.05,256,0.0,-1.1200895912133537,0.0,-3.3601720237550685,0.0,0.5600447956066769,0.0,1.6800860118775343,0.0,57.46154251957178,0.0,113.03390335402472,0.0,57.797896756198696,0.0,114.12439129340333,0.0,-0.00968970891742031,0.0,-0.01472153316952366,0.0,-2.9346490392615514e-06,0.0,-1.1522204831791312e-06,0.0,1.9999136230835892,1.9999136230835892,0.9671226771457558,0.9745422878413608,0.519295707950221,0.6073736696402151,1.7917346765300648e-17,central-sweep
7.847599703514607,0.8,0.05,256,0.0,-0.9466734040413689,0.0,-3.3601720237550685,0.0,0.47333670202068445,0.0,1.6800860118775343,0.0,47.71958038492889,0.0,113.03390335402472,0.0,48.01282362947654,0.0,114.12439129340333,0.0,-0.009858547492926214,0.0,-0.01472153316952366,0.0,-4.329320129966093e-06,0.0,-1.1522204831791312e-06,0.0,2.54945222862544,2.54945222862544,1.3687111756272656,1.3769564600932755,0.4932760815005227,0.7338564835610447,3.889711737451502e-18,central-sweep
10.0,0.8,0.05,256,0.0,-0.79043657478269,0.0,-3.3601720237550685,0.0,0.395218287391345,0.0,1.6800860118775343,0.0,39.266068622133844,0.0,113.03390335402472,0.0,39.51732377955206,0.0,114.12439129340333,0.0,-0.010001139996121088,0.0,-0.01472153316952366,0.0,-6.486563353094846e-06,0.0,-1.1522204831791312e-06,0.0,3.251033075840222,3.251033075840222,1.878666169556602,1.887958504731946,0.47198551117506227,0.8223681138288139,9.940205266049136e-19,central-sweep
10.0,1.2,0.0,256,0.0024,-0.34712915976405995,0.03807750045007259,-1.6394740946968374,1.3880742663033685,0.17356457988202997,-0.019038750225036295,0.8197370473484187,-0.6940371331516842,25.026560421426527,-4.027307405720547,40.65187141662646,-50.20090682987974,23.40761949683855,-7.463968287000311,14.749503989473105,-36.3330808306279,-0.006965949131389967,-0.0014078694839074384,-0.024262640675903054,-0.012712247938927456,-9.606450578099189e-06,-5.481525839903734e-06,4.188877335906286e-06,-5.0541330595812325e-06,5.351666091976381,5.351666091976381,1.9230222550266878,1.2267366609522412,2.9075156684354493,1.247877790534144,1.023415439991939e-17,maximum-omission
10.0,1.2,0.0,256,0.024,-0.15782139479566623,0.17576036812006304,-0.0342586895073259,0.31251395372790786,0.07891069739783312,-0.08788018406003152,0.01712934475366295,-0.15625697686395393,7.278947530782016,-11.446189218518047,0.6752662861610504,-8.283953866601173,2.3934413000506067,-7.390323157982876,0.17151918125483892,-4.225104980467755,-0.013892203195348745,-0.006178420556896605,-0.03708644394024062,-0.0025486486852185275,6.242918338129642e-05,-5.4135434355013656e-05,0.0005357508825922259,-5.05398822254539e-05,0.780241113213252,0.780241113213252,0.5397706159348967,0.4978275041895671,1.5440877548046033,5.728232756269418,1.8300967801859392e-17,maximum-omission
0.3727593720314942,0.4,0.0,256,0.0008,-2.3454071120309257,0.4918539025378106,-2.53203606237147,0.6065925216291266,1.1727035560154628,-0.2459269512689053,1.266018031185735,-0.3032962608145633,123.35912205132678,-60.30797111462657,87.91261720474344,-36.45165712915815,80.5374664850065,-75.45407603882681,62.2676820115187,-51.128876950145354,-0.009278034913029875,-0.005638848853462343,-0.01453289328071706,-0.007062319284399647,-6.622545397556344e-08,-5.720191100479278e-07,-5.820139744288889e-07,-1.6863558813135771e-06,0.09141879859265485,0.09141879859265485,0.311166228741534,0.275658734399115,0.5014415050970122,2.132395667492499,2.159120339138659e-17,10pct-crossover
0.3727593720314942,0.4,0.0,256,0.008,-0.3048649436558305,0.8443355287821095,-0.28474534277146296,0.8592495235861001,0.15243247182791525,-0.42216776439105475,0.14237267138573148,-0.42962476179305004,7.093259004125102,-31.256470554163865,5.765741138515192,-23.59767261178464,1.8717753465626772,-16.449881483437558,1.523618607801788,-12.510648509902571,-0.026376769381584238,-0.006265156699229894,-0.03520451779493458,-0.007092710895397941,2.5793637474752827e-05,-5.581671399853e-06,5.847994681024136e-05,-1.6845911373735213e-05,0.02789883647077535,0.02789883647077535,0.24251792301529188,0.23886090514397318,0.327047125175228,1.310039052697083,5.876663058657246e-17,10pct-crossover
0.001,0.4,0.1,256,0.0008,-4.008337411588947,2.472846282180443,-4.008258168155066,2.4738402171238736,2.0041687057944735,-1.2364231410902216,2.004129084077533,-1.2369201085619368,120.09238852620342,-133.3775440961252,104.78909106642806,-56.850955061627985,67.22771380480881,-107.53159905635695,63.29148095983902,-68.13749703203298,-0.0166447008703199,-0.00823184558851425,-0.024411655672413452,-0.0067375419392498035,3.081721176196741e-07,-4.871809386303578e-07,-5.390171797009036e-07,-1.698316152738491e-06,0.00021170742151592495,0.00021170742151592495,0.4348301548131849,0.3121836515334114,0.42594522340899754,2.56394448050916,5.630646115552146e-17,weak-cancellation
0.001,0.4,0.1,256,0.008,-0.1613212702908292,0.9190169134403072,-0.16128968111354067,0.9190266112979866,0.0806606351454146,-0.4595084567201536,0.08064484055677033,-0.4595133056489933,4.624601724762146,-32.14785156809356,4.465326446210845,-24.19340417364451,1.2097914983799096,-16.565825976066147,1.1699617921440195,-12.587365566435343,-0.02794488560208211,-0.00282830147971545,-0.036783630039629596,-0.002987868957610121,2.6172841018084238e-05,-4.8947698444141004e-06,5.853136681637451e-05,-1.708330530790364e-05,3.5414640425932544e-05,3.5414640425932544e-05,0.24496121105756283,0.23953483334457573,0.31473567842340017,1.2986237827540386,1.7319916899822916e-17,weak-cancellation
1.0,1.2,0.05,256,0.0024,-1.5074178371749691,1.0840447370361148,-1.6171167747312027,1.781129487616337,0.7537089185874846,-0.5420223685180574,0.8085583873656014,-0.8905647438081685,80.38832342335041,-90.27015862580217,39.81716659456252,-53.90801611385873,30.675625213775977,-68.14012468274981,13.79679898121325,-37.20379658246045,-0.010754513805350547,-0.006219646437563117,-0.02812869765085842,-0.011301868059122012,5.07794567430176e-07,-6.82004548407266e-07,4.246520985219273e-06,-5.245941888331304e-06,0.38005631559923747,0.38005631559923747,0.45072185301969175,0.4716032740519814,1.4570959370702066,6.9386060989500935,2.8138542726101535e-17,matched-kernel
1.0,1.2,0.05,256,0.024,-0.0427051524946324,0.31022087523559794,-0.027319227294571403,0.3137919704332238,0.0213525762473162,-0.15511043761779897,0.013659613647285702,-0.1568959852166119,1.4634615960099588,-16.161578612024257,0.6136302348906173,-8.293959720041162,0.37072254523174486,-8.19392612706282,0.15673191250352897,-4.226254843573672,-0.019008918204893796,-0.001745871452397858,-0.037192829210374735,-0.0018527776207421826,7.220115735824115e-05,-6.444619884034781e-06,0.0005358177519435837,-5.263938770365705e-05,0.05043938893595489,0.05043938893595489,0.4876465663190169,0.4844292132894119,0.952606065631468,6.427422465841587,2.623986326336875e-17,matched-kernel
0.0,0.8,0.05,256,0.0016,-2.3539827123399037,1.6679780531015778,-2.353982712339903,1.6679780531015778,1.1769913561699519,-0.8339890265507889,1.1769913561699514,-0.8339890265507889,80.56147121205161,-131.1894954118447,62.12973876283875,-56.14201610911714,31.77662724945388,-87.67798780753346,26.966934662696488,-48.47940458502451,-0.012707940934904523,-0.00881835764377546,-0.02345146560415677,-0.011233166334027211,5.743602930305353e-07,-3.0989709321689346e-07,1.2560206586950036e-06,-3.4891532041778338e-06,3.078578377286288e-16,3.078578377286288e-16,0.5019641875859939,0.42347320557709395,0.7118991358839318,4.982167313991616,6.186287108740723e-17,decoupled-control
0.0,0.8,0.05,256,0.016,-0.06095878089255011,0.46648686659281047,-0.06095878089255012,0.46648686659281047,0.030479390446275054,-0.23324343329640523,0.03047939044627506,-0.23324343329640523,1.5666137755397043,-20.309609896580348,1.3712751697501862,-12.356663860189316,0.4008559214166708,-10.306791165817181,0.3520422234152681,-6.32851653591556,-0.02271073318096866,-0.00207393923356697,-0.037009332187374226,-0.0027574460391913917,5.48523454525597e-05,-3.4548285213915426e-06,0.00023752350544866874,-3.5090830975255556e-05,2.949878000352203e-17,2.949878000352203e-17,0.39054331368001344,0.3857231997435438,0.6277035920110812,3.3731235549136303,3.343135544070035e-17,decoupled-control
