n,method,projected_full_dimension,active_dimension,repeats,median_seconds,q25_seconds,q75_seconds,common_assembly_seconds,dense_factorizations,rhs_columns,smallest_eigenproblem,shared_input_bytes,array_workspace_estimate_bytes,peak_memory_note,output_value,factor_vs_full,assembly_plus_median_seconds
64,full,128,64,5,5.0915987230837345e-05,5.004199920222163e-05,5.312502617016435e-05,0.005518374964594841,1,1,0,394752,262144,Array estimate excludes LAPACK internal workspace; not measured process peak,-2.499569206945976,1.0,0.005569290951825678
64,exact-reduced,128,64,5,7.71670020185411e-05,7.570796879008412e-05,7.741700392216444e-05,0.005518374964594841,2,66,0,394752,196608,Array estimate excludes LAPACK internal workspace; not measured process peak,-2.499569206945978,1.5155750917425947,0.005595541966613382
64,singular-certificate,128,64,5,0.00019462499767541885,0.00019337498815730214,0.00019941700156778097,0.005518374964594841,2,66,1,394752,229376,Array estimate excludes LAPACK internal workspace; not measured process peak,3.138442381007727,3.8224732203079808,0.00571299996227026
64,adjoint-certificate,128,64,5,0.00010266603203490376,0.00010179099626839161,0.00010299996938556433,0.005518374964594841,3,67,0,394752,229376,Array estimate excludes LAPACK internal workspace; not measured process peak,3.026311102796244,2.016381054725458,0.005621040996629745
64,weak-first-order,128,64,5,5.9416983276605606e-05,5.9207959566265345e-05,5.991698708385229e-05,0.005518374964594841,2,3,0,394752,98304,Array estimate excludes LAPACK internal workspace; not measured process peak,-1.2129177158814648,1.1669612337521291,0.005577791947871447
128,full,256,128,5,0.00016062502982094884,0.0001604579738341272,0.00016600004164502025,0.017020041006617248,1,1,0,1575936,1048576,Array estimate excludes LAPACK internal workspace; not measured process peak,-2.4995692069459765,1.0,0.017180666036438197
128,exact-reduced,256,128,5,0.00023054203484207392,0.00022237503435462713,0.0002529170014895499,0.017020041006617248,2,130,0,1575936,786432,Array estimate excludes LAPACK internal workspace; not measured process peak,-2.499569206945978,1.43528088429968,0.017250583041459322
128,singular-certificate,256,128,5,0.0005875829956494272,0.0005862079560756683,0.0006002089940011501,0.017020041006617248,2,130,1,1575936,917504,Array estimate excludes LAPACK internal workspace; not measured process peak,3.1384423810077284,3.658103573922538,0.017607624002266675
128,adjoint-certificate,256,128,5,0.0002776249893940985,0.0002740829950198531,0.000278750027064234,0.017020041006617248,3,131,0,1575936,917504,Array estimate excludes LAPACK internal workspace; not measured process peak,3.0263111027962437,1.728404282343613,0.017297665996011347
128,weak-first-order,256,128,5,0.00012099999003112316,0.00012099999003112316,0.00012199999764561653,0.017020041006617248,2,3,0,1575936,393216,Array estimate excludes LAPACK internal workspace; not measured process peak,-1.2129177158814655,0.7533071910772791,0.01714104099664837
256,full,512,256,5,0.0007327920175157487,0.0007189579773694277,0.0007406669901683927,0.0713187080109492,1,1,0,6297600,4194304,Array estimate excludes LAPACK internal workspace; not measured process peak,-2.499569206945976,1.0,0.07205150002846494
256,exact-reduced,512,256,5,0.0008881660178303719,0.0008803750388324261,0.0009220840292982757,0.0713187080109492,2,258,0,6297600,3145728,Array estimate excludes LAPACK internal workspace; not measured process peak,-2.499569206945976,1.2120301485288545,0.07220687402877957
256,singular-certificate,512,256,5,0.0028273340431042016,0.002820041961967945,0.0029392080032266676,0.0713187080109492,2,258,1,6297600,3670016,Array estimate excludes LAPACK internal workspace; not measured process peak,3.1384423810077267,3.8583035506980505,0.0741460420540534
256,adjoint-certificate,512,256,5,0.001097792002838105,0.0010963749955408275,0.0010986659908667207,0.0713187080109492,3,259,0,6297600,3670016,Array estimate excludes LAPACK internal workspace; not measured process peak,3.0263111027962437,1.498094925432934,0.0724165000137873
256,weak-first-order,512,256,5,0.0004064580425620079,0.0004056670004501939,0.0004247089964337647,0.0713187080109492,2,3,0,6297600,1572864,Array estimate excludes LAPACK internal workspace; not measured process peak,-1.2129177158814624,0.5546704014871076,0.0717251660535112
512,full,1024,512,5,0.006033874989952892,0.005612625041976571,0.00604445900535211,0.3210179579909891,1,1,0,25178112,16777216,Array estimate excludes LAPACK internal workspace; not measured process peak,-2.4995692069459783,1.0,0.327051832980942
512,exact-reduced,1024,512,5,0.005367541976738721,0.005359333008527756,0.006095583026763052,0.3210179579909891,2,514,0,25178112,12582912,Array estimate excludes LAPACK internal workspace; not measured process peak,-2.4995692069459787,0.889567978401327,0.3263854999677278
512,singular-certificate,1024,512,5,0.01876454200828448,0.018613833002746105,0.019239374960307032,0.3210179579909891,2,514,1,25178112,14680064,Array estimate excludes LAPACK internal workspace; not measured process peak,3.1384423810077227,3.1098658887579935,0.33978249999927357
512,adjoint-certificate,1024,512,5,0.006618916988372803,0.0065760830184444785,0.007016125018708408,0.3210179579909891,3,515,0,25178112,14680064,Array estimate excludes LAPACK internal workspace; not measured process peak,3.0263111027962437,1.0969595822575169,0.3276368749793619
512,weak-first-order,1024,512,5,0.002221791015472263,0.0022070420091040432,0.002309582952875644,0.3210179579909891,2,3,0,25178112,6291456,Array estimate excludes LAPACK internal workspace; not measured process peak,-1.2129177158814621,0.36821959672214044,0.32323974900646135
