label,eta,delta_P,xi,m_P,rotation,internal_model,n_from,n_to,observable,error,threshold,metric,status
maximum-omission,10.0,1.2,0.0,0.0,0.0,laboratory,48,64,H,3.1609726006856015e-16,0.01,relative,PASS
maximum-omission,10.0,1.2,0.0,0.0,0.0,laboratory,48,64,H0,3.4014041236571484e-16,0.01,relative,PASS
maximum-omission,10.0,1.2,0.0,0.0,0.0,laboratory,48,64,Delta_H_scalar,1.9842529658539083e-16,0.01,relative,PASS
maximum-omission,10.0,1.2,0.0,0.0,0.0,laboratory,48,64,Delta_H_shape,6.332468609339455e-16,0.01,relative,PASS
maximum-omission,10.0,1.2,0.0,0.0,0.0,laboratory,48,64,sigma_xx,4.150162772222602e-16,0.01,relative,PASS
maximum-omission,10.0,1.2,0.0,0.0,0.0,laboratory,48,64,sigma_yy,0.0,0.01,relative,PASS
maximum-omission,10.0,1.2,0.0,0.0,0.0,laboratory,48,64,fixed_E_signal,2.54895555398769e-16,0.01,relative,PASS
maximum-omission,10.0,1.2,0.0,0.0,0.0,laboratory,48,64,fixed_j_signal,8.208522168536703e-16,0.01,relative,PASS
maximum-omission,10.0,1.2,0.0,0.0,0.0,laboratory,48,64,bound_singular_abs,1.0855478935180548e-15,0.01,relative,PASS
maximum-omission,10.0,1.2,0.0,0.0,0.0,laboratory,48,64,bound_adjoint_abs,4.895283154505312e-16,0.01,relative,PASS
maximum-omission,10.0,1.2,0.0,0.0,0.0,laboratory,64,96,H,7.902431501713997e-16,0.01,relative,PASS
maximum-omission,10.0,1.2,0.0,0.0,0.0,laboratory,64,96,H0,8.503510309142864e-16,0.01,relative,PASS
maximum-omission,10.0,1.2,0.0,0.0,0.0,laboratory,64,96,Delta_H_scalar,7.937011863415626e-16,0.01,relative,PASS
maximum-omission,10.0,1.2,0.0,0.0,0.0,laboratory,64,96,Delta_H_shape,1.2664937218678894e-15,0.01,relative,PASS
maximum-omission,10.0,1.2,0.0,0.0,0.0,laboratory,64,96,sigma_xx,2.766775181481735e-16,0.01,relative,PASS
maximum-omission,10.0,1.2,0.0,0.0,0.0,laboratory,64,96,sigma_yy,0.0,0.01,relative,PASS
maximum-omission,10.0,1.2,0.0,0.0,0.0,laboratory,64,96,fixed_E_signal,7.646866661963065e-16,0.01,relative,PASS
maximum-omission,10.0,1.2,0.0,0.0,0.0,laboratory,64,96,fixed_j_signal,1.149193103595137e-15,0.01,relative,PASS
maximum-omission,10.0,1.2,0.0,0.0,0.0,laboratory,64,96,bound_singular_abs,2.713869733795138e-16,0.01,relative,PASS
maximum-omission,10.0,1.2,0.0,0.0,0.0,laboratory,64,96,bound_adjoint_abs,1.63176105150177e-16,0.01,relative,PASS
maximum-omission,10.0,1.2,0.0,0.0,0.0,laboratory,96,128,H,1.5804863003427997e-16,0.01,relative,PASS
maximum-omission,10.0,1.2,0.0,0.0,0.0,laboratory,96,128,H0,1.7007020618285725e-16,0.01,relative,PASS
maximum-omission,10.0,1.2,0.0,0.0,0.0,laboratory,96,128,Delta_H_scalar,1.9842529658539063e-16,0.01,relative,PASS
maximum-omission,10.0,1.2,0.0,0.0,0.0,laboratory,96,128,Delta_H_shape,8.390520907374696e-15,0.01,relative,PASS
maximum-omission,10.0,1.2,0.0,0.0,0.0,laboratory,96,128,sigma_xx,2.766775181481734e-16,0.01,relative,PASS
maximum-omission,10.0,1.2,0.0,0.0,0.0,laboratory,96,128,sigma_yy,0.0,0.01,relative,PASS
maximum-omission,10.0,1.2,0.0,0.0,0.0,laboratory,96,128,fixed_E_signal,2.548955553987689e-16,0.01,relative,PASS
maximum-omission,10.0,1.2,0.0,0.0,0.0,laboratory,96,128,fixed_j_signal,6.566817734829359e-16,0.01,relative,PASS
maximum-omission,10.0,1.2,0.0,0.0,0.0,laboratory,96,128,bound_singular_abs,4.070804600692709e-16,0.01,relative,PASS
maximum-omission,10.0,1.2,0.0,0.0,0.0,laboratory,96,128,bound_adjoint_abs,1.6317610515017706e-16,0.01,relative,PASS
maximum-omission,10.0,1.2,0.0,0.0,0.0,laboratory,128,192,H,3.1609726006856005e-16,0.01,relative,PASS
maximum-omission,10.0,1.2,0.0,0.0,0.0,laboratory,128,192,H0,0.0,0.01,relative,PASS
maximum-omission,10.0,1.2,0.0,0.0,0.0,laboratory,128,192,Delta_H_scalar,0.0,0.01,relative,PASS
maximum-omission,10.0,1.2,0.0,0.0,0.0,laboratory,128,192,Delta_H_shape,9.498702914009082e-16,0.01,relative,PASS
maximum-omission,10.0,1.2,0.0,0.0,0.0,laboratory,128,192,sigma_xx,1.3833875907408674e-16,0.01,relative,PASS
maximum-omission,10.0,1.2,0.0,0.0,0.0,laboratory,128,192,sigma_yy,0.0,0.01,relative,PASS
maximum-omission,10.0,1.2,0.0,0.0,0.0,laboratory,128,192,fixed_E_signal,2.5489555539876896e-16,0.01,relative,PASS
maximum-omission,10.0,1.2,0.0,0.0,0.0,laboratory,128,192,fixed_j_signal,1.64170443370734e-16,0.01,relative,PASS
maximum-omission,10.0,1.2,0.0,0.0,0.0,laboratory,128,192,bound_singular_abs,0.0,0.01,relative,PASS
maximum-omission,10.0,1.2,0.0,0.0,0.0,laboratory,128,192,bound_adjoint_abs,1.6317610515017708e-16,0.01,relative,PASS
maximum-omission,10.0,1.2,0.0,0.0,0.0,laboratory,192,256,H,4.741458901028398e-16,0.01,relative,PASS
maximum-omission,10.0,1.2,0.0,0.0,0.0,laboratory,192,256,H0,5.10210618548572e-16,0.01,relative,PASS
maximum-omission,10.0,1.2,0.0,0.0,0.0,laboratory,192,256,Delta_H_scalar,5.952758897561722e-16,0.01,relative,PASS
maximum-omission,10.0,1.2,0.0,0.0,0.0,laboratory,192,256,Delta_H_shape,7.124027185506862e-15,0.01,relative,PASS
maximum-omission,10.0,1.2,0.0,0.0,0.0,laboratory,192,256,sigma_xx,2.766775181481734e-16,0.01,relative,PASS
maximum-omission,10.0,1.2,0.0,0.0,0.0,laboratory,192,256,sigma_yy,2.753586311852468e-16,0.01,relative,PASS
maximum-omission,10.0,1.2,0.0,0.0,0.0,laboratory,192,256,fixed_E_signal,2.548955553987689e-16,0.01,relative,PASS
maximum-omission,10.0,1.2,0.0,0.0,0.0,laboratory,192,256,fixed_j_signal,1.6417044337073402e-16,0.01,relative,PASS
maximum-omission,10.0,1.2,0.0,0.0,0.0,laboratory,192,256,bound_singular_abs,1.0855478935180544e-15,0.01,relative,PASS
maximum-omission,10.0,1.2,0.0,0.0,0.0,laboratory,192,256,bound_adjoint_abs,1.6317610515017706e-16,0.01,relative,PASS
10pct-crossover,0.3727593720314942,0.4,0.0,0.0,0.0,laboratory,48,64,H,5.612781852331896e-16,0.01,relative,PASS
10pct-crossover,0.3727593720314942,0.4,0.0,0.0,0.0,laboratory,48,64,H0,3.4014041236571484e-16,0.01,relative,PASS
10pct-crossover,0.3727593720314942,0.4,0.0,0.0,0.0,laboratory,48,64,Delta_H_scalar,1.1889365753736318e-14,0.01,relative,PASS
10pct-crossover,0.3727593720314942,0.4,0.0,0.0,0.0,laboratory,48,64,Delta_H_shape,1.458469794385904e-15,0.01,relative,PASS
10pct-crossover,0.3727593720314942,0.4,0.0,0.0,0.0,laboratory,48,64,sigma_xx,3.6781678140971206e-16,0.01,relative,PASS
10pct-crossover,0.3727593720314942,0.4,0.0,0.0,0.0,laboratory,48,64,sigma_yy,0.0,0.01,relative,PASS
10pct-crossover,0.3727593720314942,0.4,0.0,0.0,0.0,laboratory,48,64,fixed_E_signal,5.678588493617257e-16,0.01,relative,PASS
10pct-crossover,0.3727593720314942,0.4,0.0,0.0,0.0,laboratory,48,64,fixed_j_signal,1.3244566355631907e-15,0.01,relative,PASS
10pct-crossover,0.3727593720314942,0.4,0.0,0.0,0.0,laboratory,48,64,bound_singular_abs,7.089973216735638e-16,0.01,relative,PASS
10pct-crossover,0.3727593720314942,0.4,0.0,0.0,0.0,laboratory,48,64,bound_adjoint_abs,1.640149970184121e-16,0.01,relative,PASS
10pct-crossover,0.3727593720314942,0.4,0.0,0.0,0.0,laboratory,64,96,H,5.612781852331892e-16,0.01,relative,PASS
10pct-crossover,0.3727593720314942,0.4,0.0,0.0,0.0,laboratory,64,96,H0,8.503510309142864e-16,0.01,relative,PASS
10pct-crossover,0.3727593720314942,0.4,0.0,0.0,0.0,laboratory,64,96,Delta_H_scalar,8.806937595360228e-16,0.01,relative,PASS
10pct-crossover,0.3727593720314942,0.4,0.0,0.0,0.0,laboratory,64,96,Delta_H_shape,4.958797300912049e-15,0.01,relative,PASS
10pct-crossover,0.3727593720314942,0.4,0.0,0.0,0.0,laboratory,64,96,sigma_xx,0.0,0.01,relative,PASS
10pct-crossover,0.3727593720314942,0.4,0.0,0.0,0.0,laboratory,64,96,sigma_yy,1.828928571381561e-16,0.01,relative,PASS
10pct-crossover,0.3727593720314942,0.4,0.0,0.0,0.0,laboratory,64,96,fixed_E_signal,7.950023891064153e-16,0.01,relative,PASS
10pct-crossover,0.3727593720314942,0.4,0.0,0.0,0.0,laboratory,64,96,fixed_j_signal,8.277853972269935e-16,0.01,relative,PASS
10pct-crossover,0.3727593720314942,0.4,0.0,0.0,0.0,laboratory,64,96,bound_singular_abs,1.4179946433471278e-16,0.01,relative,PASS
10pct-crossover,0.3727593720314942,0.4,0.0,0.0,0.0,laboratory,64,96,bound_adjoint_abs,6.560599880736479e-16,0.01,relative,PASS
10pct-crossover,0.3727593720314942,0.4,0.0,0.0,0.0,laboratory,96,128,H,1.1225563704663772e-15,0.01,relative,PASS
10pct-crossover,0.3727593720314942,0.4,0.0,0.0,0.0,laboratory,96,128,H0,1.7007020618285725e-16,0.01,relative,PASS
10pct-crossover,0.3727593720314942,0.4,0.0,0.0,0.0,laboratory,96,128,Delta_H_scalar,1.4678229325600379e-16,0.01,relative,PASS
10pct-crossover,0.3727593720314942,0.4,0.0,0.0,0.0,laboratory,96,128,Delta_H_shape,1.3563769087789024e-14,0.01,relative,PASS
10pct-crossover,0.3727593720314942,0.4,0.0,0.0,0.0,laboratory,96,128,sigma_xx,0.0,0.01,relative,PASS
10pct-crossover,0.3727593720314942,0.4,0.0,0.0,0.0,laboratory,96,128,sigma_yy,1.8289285713815606e-16,0.01,relative,PASS
10pct-crossover,0.3727593720314942,0.4,0.0,0.0,0.0,laboratory,96,128,fixed_E_signal,9.085741589787595e-16,0.01,relative,PASS
10pct-crossover,0.3727593720314942,0.4,0.0,0.0,0.0,laboratory,96,128,fixed_j_signal,8.277853972269928e-16,0.01,relative,PASS
10pct-crossover,0.3727593720314942,0.4,0.0,0.0,0.0,laboratory,96,128,bound_singular_abs,1.417994643347128e-16,0.01,relative,PASS
10pct-crossover,0.3727593720314942,0.4,0.0,0.0,0.0,laboratory,96,128,bound_adjoint_abs,6.560599880736484e-16,0.01,relative,PASS
10pct-crossover,0.3727593720314942,0.4,0.0,0.0,0.0,laboratory,128,192,H,1.309649098877442e-15,0.01,relative,PASS
10pct-crossover,0.3727593720314942,0.4,0.0,0.0,0.0,laboratory,128,192,H0,0.0,0.01,relative,PASS
10pct-crossover,0.3727593720314942,0.4,0.0,0.0,0.0,laboratory,128,192,Delta_H_scalar,6.164856316752197e-15,0.01,relative,PASS
10pct-crossover,0.3727593720314942,0.4,0.0,0.0,0.0,laboratory,128,192,Delta_H_shape,1.6480708676560587e-14,0.01,relative,PASS
10pct-crossover,0.3727593720314942,0.4,0.0,0.0,0.0,laboratory,128,192,sigma_xx,0.0,0.01,relative,PASS
10pct-crossover,0.3727593720314942,0.4,0.0,0.0,0.0,laboratory,128,192,sigma_yy,0.0,0.01,relative,PASS
10pct-crossover,0.3727593720314942,0.4,0.0,0.0,0.0,laboratory,128,192,fixed_E_signal,1.249289468595796e-15,0.01,relative,PASS
10pct-crossover,0.3727593720314942,0.4,0.0,0.0,0.0,laboratory,128,192,fixed_j_signal,1.1588995561177913e-15,0.01,relative,PASS
10pct-crossover,0.3727593720314942,0.4,0.0,0.0,0.0,laboratory,128,192,bound_singular_abs,2.8359892866942556e-16,0.01,relative,PASS
10pct-crossover,0.3727593720314942,0.4,0.0,0.0,0.0,laboratory,128,192,bound_adjoint_abs,3.2802999403682404e-16,0.01,relative,PASS
10pct-crossover,0.3727593720314942,0.4,0.0,0.0,0.0,laboratory,192,256,H,7.48370913644253e-16,0.01,relative,PASS
10pct-crossover,0.3727593720314942,0.4,0.0,0.0,0.0,laboratory,192,256,H0,5.10210618548572e-16,0.01,relative,PASS
10pct-crossover,0.3727593720314942,0.4,0.0,0.0,0.0,laboratory,192,256,Delta_H_scalar,1.277005951327257e-14,0.01,relative,PASS
10pct-crossover,0.3727593720314942,0.4,0.0,0.0,0.0,laboratory,192,256,Delta_H_shape,1.0500982519578315e-14,0.01,relative,PASS
10pct-crossover,0.3727593720314942,0.4,0.0,0.0,0.0,laboratory,192,256,sigma_xx,1.8390839070485605e-16,0.01,relative,PASS
10pct-crossover,0.3727593720314942,0.4,0.0,0.0,0.0,laboratory,192,256,sigma_yy,1.8289285713815601e-16,0.01,relative,PASS
10pct-crossover,0.3727593720314942,0.4,0.0,0.0,0.0,laboratory,192,256,fixed_E_signal,9.085741589787615e-16,0.01,relative,PASS
10pct-crossover,0.3727593720314942,0.4,0.0,0.0,0.0,laboratory,192,256,fixed_j_signal,6.622283177815955e-16,0.01,relative,PASS
10pct-crossover,0.3727593720314942,0.4,0.0,0.0,0.0,laboratory,192,256,bound_singular_abs,1.4179946433471275e-16,0.01,relative,PASS
10pct-crossover,0.3727593720314942,0.4,0.0,0.0,0.0,laboratory,192,256,bound_adjoint_abs,1.6401499701841204e-16,0.01,relative,PASS
weak-cancellation,0.001,0.4,0.1,0.0,0.0,laboratory,48,64,H,1.2281206110031838e-15,0.01,relative,PASS
weak-cancellation,0.001,0.4,0.1,0.0,0.0,laboratory,48,64,H0,1.5351425737138182e-15,0.01,relative,PASS
weak-cancellation,0.001,0.4,0.1,0.0,0.0,laboratory,48,64,Delta_H_scalar,4.0270308215115017e-13,0.01,relative,PASS
weak-cancellation,0.001,0.4,0.1,0.0,0.0,laboratory,48,64,Delta_H_shape,8.156931143401497e-13,0.01,relative,PASS
weak-cancellation,0.001,0.4,0.1,0.0,0.0,laboratory,48,64,sigma_xx,0.0,0.01,relative,PASS
weak-cancellation,0.001,0.4,0.1,0.0,0.0,laboratory,48,64,sigma_yy,2.127990221092326e-16,0.01,relative,PASS
weak-cancellation,0.001,0.4,0.1,0.0,0.0,laboratory,48,64,fixed_E_signal,1.1212944449725754e-15,0.01,relative,PASS
weak-cancellation,0.001,0.4,0.1,0.0,0.0,laboratory,48,64,fixed_j_signal,1.0425758184053907e-15,0.01,relative,PASS
weak-cancellation,0.001,0.4,0.1,0.0,0.0,laboratory,48,64,bound_singular_abs,1.6037355217746474e-14,0.01,relative,PASS
weak-cancellation,0.001,0.4,0.1,0.0,0.0,laboratory,48,64,bound_adjoint_abs,1.5624637775720924e-14,0.01,relative,PASS
weak-cancellation,0.001,0.4,0.1,0.0,0.0,laboratory,64,96,H,7.675753818769893e-16,0.01,relative,PASS
weak-cancellation,0.001,0.4,0.1,0.0,0.0,laboratory,64,96,H0,1.5351425737138185e-16,0.01,relative,PASS
weak-cancellation,0.001,0.4,0.1,0.0,0.0,laboratory,64,96,Delta_H_scalar,4.010776408506819e-13,0.01,relative,PASS
weak-cancellation,0.001,0.4,0.1,0.0,0.0,laboratory,64,96,Delta_H_shape,1.3381123556643981e-12,0.01,relative,PASS
weak-cancellation,0.001,0.4,0.1,0.0,0.0,laboratory,64,96,sigma_xx,0.0,0.01,relative,PASS
weak-cancellation,0.001,0.4,0.1,0.0,0.0,laboratory,64,96,sigma_yy,0.0,0.01,relative,PASS
weak-cancellation,0.001,0.4,0.1,0.0,0.0,laboratory,64,96,fixed_E_signal,8.009246035518389e-16,0.01,relative,PASS
weak-cancellation,0.001,0.4,0.1,0.0,0.0,laboratory,64,96,fixed_j_signal,6.950505456035933e-16,0.01,relative,PASS
weak-cancellation,0.001,0.4,0.1,0.0,0.0,laboratory,64,96,bound_singular_abs,1.9960161530001406e-14,0.01,relative,PASS
weak-cancellation,0.001,0.4,0.1,0.0,0.0,laboratory,64,96,bound_adjoint_abs,2.1069587303624113e-14,0.01,relative,PASS
weak-cancellation,0.001,0.4,0.1,0.0,0.0,laboratory,96,128,H,1.5351507637539782e-16,0.01,relative,PASS
weak-cancellation,0.001,0.4,0.1,0.0,0.0,laboratory,96,128,H0,1.5351425737138183e-16,0.01,relative,PASS
weak-cancellation,0.001,0.4,0.1,0.0,0.0,laboratory,96,128,Delta_H_scalar,1.3545344169222624e-16,0.01,relative,PASS
weak-cancellation,0.001,0.4,0.1,0.0,0.0,laboratory,96,128,Delta_H_shape,2.7650386655555314e-13,0.01,relative,PASS
weak-cancellation,0.001,0.4,0.1,0.0,0.0,laboratory,96,128,sigma_xx,2.1319295150961085e-16,0.01,relative,PASS
weak-cancellation,0.001,0.4,0.1,0.0,0.0,laboratory,96,128,sigma_yy,2.1279902210923255e-16,0.01,relative,PASS
weak-cancellation,0.001,0.4,0.1,0.0,0.0,laboratory,96,128,fixed_E_signal,0.0,0.01,relative,PASS
weak-cancellation,0.001,0.4,0.1,0.0,0.0,laboratory,96,128,fixed_j_signal,3.4752527280179675e-16,0.01,relative,PASS
weak-cancellation,0.001,0.4,0.1,0.0,0.0,laboratory,96,128,bound_singular_abs,3.865117984133071e-14,0.01,relative,PASS
weak-cancellation,0.001,0.4,0.1,0.0,0.0,laboratory,96,128,bound_adjoint_abs,4.000854218328464e-14,0.01,relative,PASS
weak-cancellation,0.001,0.4,0.1,0.0,0.0,laboratory,128,192,H,6.140603055015917e-16,0.01,relative,PASS
weak-cancellation,0.001,0.4,0.1,0.0,0.0,laboratory,128,192,H0,4.605427721141452e-16,0.01,relative,PASS
weak-cancellation,0.001,0.4,0.1,0.0,0.0,laboratory,128,192,Delta_H_scalar,4.063603250766785e-16,0.01,relative,PASS
weak-cancellation,0.001,0.4,0.1,0.0,0.0,laboratory,128,192,Delta_H_shape,2.433395017744987e-12,0.01,relative,PASS
weak-cancellation,0.001,0.4,0.1,0.0,0.0,laboratory,128,192,sigma_xx,2.131929515096109e-16,0.01,relative,PASS
weak-cancellation,0.001,0.4,0.1,0.0,0.0,laboratory,128,192,sigma_yy,0.0,0.01,relative,PASS
weak-cancellation,0.001,0.4,0.1,0.0,0.0,laboratory,128,192,fixed_E_signal,6.4073968284147155e-16,0.01,relative,PASS
weak-cancellation,0.001,0.4,0.1,0.0,0.0,laboratory,128,192,fixed_j_signal,1.737626364008984e-16,0.01,relative,PASS
weak-cancellation,0.001,0.4,0.1,0.0,0.0,laboratory,128,192,bound_singular_abs,3.818967321636105e-14,0.01,relative,PASS
weak-cancellation,0.001,0.4,0.1,0.0,0.0,laboratory,128,192,bound_adjoint_abs,3.7641172823328385e-14,0.01,relative,PASS
weak-cancellation,0.001,0.4,0.1,0.0,0.0,laboratory,192,256,H,4.605452291261936e-16,0.01,relative,PASS
weak-cancellation,0.001,0.4,0.1,0.0,0.0,laboratory,192,256,H0,1.2281140589710554e-15,0.01,relative,PASS
weak-cancellation,0.001,0.4,0.1,0.0,0.0,laboratory,192,256,Delta_H_scalar,3.9999401331698387e-13,0.01,relative,PASS
weak-cancellation,0.001,0.4,0.1,0.0,0.0,laboratory,192,256,Delta_H_shape,2.528246174303684e-12,0.01,relative,PASS
weak-cancellation,0.001,0.4,0.1,0.0,0.0,laboratory,192,256,sigma_xx,0.0,0.01,relative,PASS
weak-cancellation,0.001,0.4,0.1,0.0,0.0,laboratory,192,256,sigma_yy,2.127990221092326e-16,0.01,relative,PASS
weak-cancellation,0.001,0.4,0.1,0.0,0.0,laboratory,192,256,fixed_E_signal,6.407396828414712e-16,0.01,relative,PASS
weak-cancellation,0.001,0.4,0.1,0.0,0.0,laboratory,192,256,fixed_j_signal,5.212879092026949e-16,0.01,relative,PASS
weak-cancellation,0.001,0.4,0.1,0.0,0.0,laboratory,192,256,bound_singular_abs,3.9343439778787333e-14,0.01,relative,PASS
weak-cancellation,0.001,0.4,0.1,0.0,0.0,laboratory,192,256,bound_adjoint_abs,3.941669984329515e-14,0.01,relative,PASS
