configuration,kernel,delta_P,xi,omega_gap_fraction,tolerance,last_contiguous_passing_eta,first_failing_eta,passing_sample_intervals,sampled_error_monotone
gaussian:0.4:0.0:0.0,gaussian,0.4,0.0,0.0,0.01,0.06812920690579609,0.1,"[[0.0, 0.06812920690579609]]",True
gaussian:0.4:0.0:0.0,gaussian,0.4,0.0,0.0,0.05,0.14677992676220675,0.21544346900318823,"[[0.0, 0.14677992676220675]]",True
gaussian:0.4:0.0:0.0,gaussian,0.4,0.0,0.0,0.1,0.31622776601683794,0.46415888336127725,"[[0.0, 0.31622776601683794]]",True
gaussian:0.4:0.0:0.0,gaussian,0.4,0.0,0.0,0.2,0.46415888336127725,0.6812920690579608,"[[0.0, 0.46415888336127725]]",True
gaussian:0.4:0.0:0.01,gaussian,0.4,0.0,0.01,0.01,1.0,nan,"[[0.0, 1.0]]",True
gaussian:0.4:0.0:0.01,gaussian,0.4,0.0,0.01,0.05,1.0,nan,"[[0.0, 1.0]]",True
gaussian:0.4:0.0:0.01,gaussian,0.4,0.0,0.01,0.1,1.0,nan,"[[0.0, 1.0]]",True
gaussian:0.4:0.0:0.01,gaussian,0.4,0.0,0.01,0.2,1.0,nan,"[[0.0, 1.0]]",True
gaussian:0.4:0.05:0.0,gaussian,0.4,0.05,0.0,0.01,0.046415888336127774,0.06812920690579609,"[[0.0, 0.046415888336127774]]",True
gaussian:0.4:0.05:0.0,gaussian,0.4,0.05,0.0,0.05,0.14677992676220675,0.21544346900318823,"[[0.0, 0.14677992676220675]]",True
gaussian:0.4:0.05:0.0,gaussian,0.4,0.05,0.0,0.1,0.21544346900318823,0.31622776601683794,"[[0.0, 0.21544346900318823]]",True
gaussian:0.4:0.05:0.0,gaussian,0.4,0.05,0.0,0.2,0.31622776601683794,0.46415888336127725,"[[0.0, 0.31622776601683794]]",True
gaussian:0.4:0.05:0.01,gaussian,0.4,0.05,0.01,0.01,1.0,nan,"[[0.0, 1.0]]",True
gaussian:0.4:0.05:0.01,gaussian,0.4,0.05,0.01,0.05,1.0,nan,"[[0.0, 1.0]]",True
gaussian:0.4:0.05:0.01,gaussian,0.4,0.05,0.01,0.1,1.0,nan,"[[0.0, 1.0]]",True
gaussian:0.4:0.05:0.01,gaussian,0.4,0.05,0.01,0.2,1.0,nan,"[[0.0, 1.0]]",True
gaussian:0.4:0.1:0.0,gaussian,0.4,0.1,0.0,0.01,0.06812920690579609,0.1,"[[0.0, 0.06812920690579609], [0.46415888336127725, 1.0]]",False
gaussian:0.4:0.1:0.0,gaussian,0.4,0.1,0.0,0.05,1.0,nan,"[[0.0, 1.0]]",False
gaussian:0.4:0.1:0.0,gaussian,0.4,0.1,0.0,0.1,1.0,nan,"[[0.0, 1.0]]",False
gaussian:0.4:0.1:0.0,gaussian,0.4,0.1,0.0,0.2,1.0,nan,"[[0.0, 1.0]]",False
gaussian:0.4:0.1:0.01,gaussian,0.4,0.1,0.01,0.01,1.0,nan,"[[0.0, 1.0]]",True
gaussian:0.4:0.1:0.01,gaussian,0.4,0.1,0.01,0.05,1.0,nan,"[[0.0, 1.0]]",True
gaussian:0.4:0.1:0.01,gaussian,0.4,0.1,0.01,0.1,1.0,nan,"[[0.0, 1.0]]",True
gaussian:0.4:0.1:0.01,gaussian,0.4,0.1,0.01,0.2,1.0,nan,"[[0.0, 1.0]]",True
gaussian:0.8:0.0:0.0,gaussian,0.8,0.0,0.0,0.01,0.06812920690579609,0.1,"[[0.0, 0.06812920690579609]]",True
gaussian:0.8:0.0:0.0,gaussian,0.8,0.0,0.0,0.05,0.14677992676220675,0.21544346900318823,"[[0.0, 0.14677992676220675]]",True
gaussian:0.8:0.0:0.0,gaussian,0.8,0.0,0.0,0.1,0.31622776601683794,0.46415888336127725,"[[0.0, 0.31622776601683794]]",True
gaussian:0.8:0.0:0.0,gaussian,0.8,0.0,0.0,0.2,0.46415888336127725,0.6812920690579608,"[[0.0, 0.46415888336127725]]",True
gaussian:0.8:0.0:0.01,gaussian,0.8,0.0,0.01,0.01,1.0,nan,"[[0.0, 1.0]]",True
gaussian:0.8:0.0:0.01,gaussian,0.8,0.0,0.01,0.05,1.0,nan,"[[0.0, 1.0]]",True
gaussian:0.8:0.0:0.01,gaussian,0.8,0.0,0.01,0.1,1.0,nan,"[[0.0, 1.0]]",True
gaussian:0.8:0.0:0.01,gaussian,0.8,0.0,0.01,0.2,1.0,nan,"[[0.0, 1.0]]",True
gaussian:0.8:0.05:0.0,gaussian,0.8,0.05,0.0,0.01,0.06812920690579609,0.1,"[[0.0, 0.06812920690579609]]",True
gaussian:0.8:0.05:0.0,gaussian,0.8,0.05,0.0,0.05,0.14677992676220675,0.21544346900318823,"[[0.0, 0.14677992676220675]]",True
gaussian:0.8:0.05:0.0,gaussian,0.8,0.05,0.0,0.1,0.31622776601683794,0.46415888336127725,"[[0.0, 0.31622776601683794]]",True
gaussian:0.8:0.05:0.0,gaussian,0.8,0.05,0.0,0.2,0.46415888336127725,0.6812920690579608,"[[0.0, 0.46415888336127725]]",True
gaussian:0.8:0.05:0.01,gaussian,0.8,0.05,0.01,0.01,1.0,nan,"[[0.0, 1.0]]",True
gaussian:0.8:0.05:0.01,gaussian,0.8,0.05,0.01,0.05,1.0,nan,"[[0.0, 1.0]]",True
gaussian:0.8:0.05:0.01,gaussian,0.8,0.05,0.01,0.1,1.0,nan,"[[0.0, 1.0]]",True
gaussian:0.8:0.05:0.01,gaussian,0.8,0.05,0.01,0.2,1.0,nan,"[[0.0, 1.0]]",True
gaussian:0.8:0.1:0.0,gaussian,0.8,0.1,0.0,0.01,0.06812920690579609,0.1,"[[0.0, 0.06812920690579609]]",True
gaussian:0.8:0.1:0.0,gaussian,0.8,0.1,0.0,0.05,0.21544346900318823,0.31622776601683794,"[[0.0, 0.21544346900318823]]",True
gaussian:0.8:0.1:0.0,gaussian,0.8,0.1,0.0,0.1,0.31622776601683794,0.46415888336127725,"[[0.0, 0.31622776601683794]]",True
gaussian:0.8:0.1:0.0,gaussian,0.8,0.1,0.0,0.2,0.6812920690579608,1.0,"[[0.0, 0.6812920690579608]]",True
gaussian:0.8:0.1:0.01,gaussian,0.8,0.1,0.01,0.01,1.0,nan,"[[0.0, 1.0]]",True
gaussian:0.8:0.1:0.01,gaussian,0.8,0.1,0.01,0.05,1.0,nan,"[[0.0, 1.0]]",True
gaussian:0.8:0.1:0.01,gaussian,0.8,0.1,0.01,0.1,1.0,nan,"[[0.0, 1.0]]",True
gaussian:0.8:0.1:0.01,gaussian,0.8,0.1,0.01,0.2,1.0,nan,"[[0.0, 1.0]]",True
gaussian:1.2:0.0:0.0,gaussian,1.2,0.0,0.0,0.01,0.06812920690579609,0.1,"[[0.0, 0.06812920690579609]]",True
gaussian:1.2:0.0:0.0,gaussian,1.2,0.0,0.0,0.05,0.14677992676220675,0.21544346900318823,"[[0.0, 0.14677992676220675]]",True
gaussian:1.2:0.0:0.0,gaussian,1.2,0.0,0.0,0.1,0.21544346900318823,0.31622776601683794,"[[0.0, 0.21544346900318823]]",True
gaussian:1.2:0.0:0.0,gaussian,1.2,0.0,0.0,0.2,0.31622776601683794,0.46415888336127725,"[[0.0, 0.31622776601683794]]",True
gaussian:1.2:0.0:0.01,gaussian,1.2,0.0,0.01,0.01,1.0,nan,"[[0.0, 1.0]]",True
gaussian:1.2:0.0:0.01,gaussian,1.2,0.0,0.01,0.05,1.0,nan,"[[0.0, 1.0]]",True
gaussian:1.2:0.0:0.01,gaussian,1.2,0.0,0.01,0.1,1.0,nan,"[[0.0, 1.0]]",True
gaussian:1.2:0.0:0.01,gaussian,1.2,0.0,0.01,0.2,1.0,nan,"[[0.0, 1.0]]",True
gaussian:1.2:0.05:0.0,gaussian,1.2,0.05,0.0,0.01,0.06812920690579609,0.1,"[[0.0, 0.06812920690579609]]",True
gaussian:1.2:0.05:0.0,gaussian,1.2,0.05,0.0,0.05,0.21544346900318823,0.31622776601683794,"[[0.0, 0.21544346900318823]]",True
gaussian:1.2:0.05:0.0,gaussian,1.2,0.05,0.0,0.1,0.31622776601683794,0.46415888336127725,"[[0.0, 0.31622776601683794]]",True
gaussian:1.2:0.05:0.0,gaussian,1.2,0.05,0.0,0.2,0.46415888336127725,0.6812920690579608,"[[0.0, 0.46415888336127725]]",True
gaussian:1.2:0.05:0.01,gaussian,1.2,0.05,0.01,0.01,1.0,nan,"[[0.0, 1.0]]",True
gaussian:1.2:0.05:0.01,gaussian,1.2,0.05,0.01,0.05,1.0,nan,"[[0.0, 1.0]]",True
gaussian:1.2:0.05:0.01,gaussian,1.2,0.05,0.01,0.1,1.0,nan,"[[0.0, 1.0]]",True
gaussian:1.2:0.05:0.01,gaussian,1.2,0.05,0.01,0.2,1.0,nan,"[[0.0, 1.0]]",True
gaussian:1.2:0.1:0.0,gaussian,1.2,0.1,0.0,0.01,0.03162277660168379,0.046415888336127774,"[[0.0, 0.03162277660168379]]",True
gaussian:1.2:0.1:0.0,gaussian,1.2,0.1,0.0,0.05,0.1,0.14677992676220675,"[[0.0, 0.1]]",True
gaussian:1.2:0.1:0.0,gaussian,1.2,0.1,0.0,0.1,0.21544346900318823,0.31622776601683794,"[[0.0, 0.21544346900318823]]",True
gaussian:1.2:0.1:0.0,gaussian,1.2,0.1,0.0,0.2,0.31622776601683794,0.46415888336127725,"[[0.0, 0.31622776601683794]]",True
gaussian:1.2:0.1:0.01,gaussian,1.2,0.1,0.01,0.01,1.0,nan,"[[0.0, 1.0]]",True
gaussian:1.2:0.1:0.01,gaussian,1.2,0.1,0.01,0.05,1.0,nan,"[[0.0, 1.0]]",True
gaussian:1.2:0.1:0.01,gaussian,1.2,0.1,0.01,0.1,1.0,nan,"[[0.0, 1.0]]",True
gaussian:1.2:0.1:0.01,gaussian,1.2,0.1,0.01,0.2,1.0,nan,"[[0.0, 1.0]]",True
lorentzian:0.4:0.0:0.0,lorentzian,0.4,0.0,0.0,0.01,0.06812920690579609,0.1,"[[0.0, 0.06812920690579609]]",True
lorentzian:0.4:0.0:0.0,lorentzian,0.4,0.0,0.0,0.05,0.14677992676220675,0.21544346900318823,"[[0.0, 0.14677992676220675]]",True
lorentzian:0.4:0.0:0.0,lorentzian,0.4,0.0,0.0,0.1,0.31622776601683794,0.46415888336127725,"[[0.0, 0.31622776601683794]]",True
lorentzian:0.4:0.0:0.0,lorentzian,0.4,0.0,0.0,0.2,0.46415888336127725,0.6812920690579608,"[[0.0, 0.46415888336127725]]",True
lorentzian:0.4:0.0:0.01,lorentzian,0.4,0.0,0.01,0.01,1.0,nan,"[[0.0, 1.0]]",True
lorentzian:0.4:0.0:0.01,lorentzian,0.4,0.0,0.01,0.05,1.0,nan,"[[0.0, 1.0]]",True
lorentzian:0.4:0.0:0.01,lorentzian,0.4,0.0,0.01,0.1,1.0,nan,"[[0.0, 1.0]]",True
lorentzian:0.4:0.0:0.01,lorentzian,0.4,0.0,0.01,0.2,1.0,nan,"[[0.0, 1.0]]",True
lorentzian:0.4:0.05:0.0,lorentzian,0.4,0.05,0.0,0.01,0.046415888336127774,0.06812920690579609,"[[0.0, 0.046415888336127774]]",True
lorentzian:0.4:0.05:0.0,lorentzian,0.4,0.05,0.0,0.05,0.14677992676220675,0.21544346900318823,"[[0.0, 0.14677992676220675]]",True
lorentzian:0.4:0.05:0.0,lorentzian,0.4,0.05,0.0,0.1,0.21544346900318823,0.31622776601683794,"[[0.0, 0.21544346900318823]]",True
lorentzian:0.4:0.05:0.0,lorentzian,0.4,0.05,0.0,0.2,0.31622776601683794,0.46415888336127725,"[[0.0, 0.31622776601683794]]",True
lorentzian:0.4:0.05:0.01,lorentzian,0.4,0.05,0.01,0.01,1.0,nan,"[[0.0, 1.0]]",True
lorentzian:0.4:0.05:0.01,lorentzian,0.4,0.05,0.01,0.05,1.0,nan,"[[0.0, 1.0]]",True
lorentzian:0.4:0.05:0.01,lorentzian,0.4,0.05,0.01,0.1,1.0,nan,"[[0.0, 1.0]]",True
lorentzian:0.4:0.05:0.01,lorentzian,0.4,0.05,0.01,0.2,1.0,nan,"[[0.0, 1.0]]",True
lorentzian:0.4:0.1:0.0,lorentzian,0.4,0.1,0.0,0.01,0.03162277660168379,0.046415888336127774,"[[0.0, 0.03162277660168379]]",True
lorentzian:0.4:0.1:0.0,lorentzian,0.4,0.1,0.0,0.05,0.1,0.14677992676220675,"[[0.0, 0.1]]",True
lorentzian:0.4:0.1:0.0,lorentzian,0.4,0.1,0.0,0.1,0.14677992676220675,0.21544346900318823,"[[0.0, 0.14677992676220675]]",True
lorentzian:0.4:0.1:0.0,lorentzian,0.4,0.1,0.0,0.2,0.31622776601683794,0.46415888336127725,"[[0.0, 0.31622776601683794]]",True
lorentzian:0.4:0.1:0.01,lorentzian,0.4,0.1,0.01,0.01,1.0,nan,"[[0.0, 1.0]]",True
lorentzian:0.4:0.1:0.01,lorentzian,0.4,0.1,0.01,0.05,1.0,nan,"[[0.0, 1.0]]",True
lorentzian:0.4:0.1:0.01,lorentzian,0.4,0.1,0.01,0.1,1.0,nan,"[[0.0, 1.0]]",True
lorentzian:0.4:0.1:0.01,lorentzian,0.4,0.1,0.01,0.2,1.0,nan,"[[0.0, 1.0]]",True
lorentzian:0.8:0.0:0.0,lorentzian,0.8,0.0,0.0,0.01,0.06812920690579609,0.1,"[[0.0, 0.06812920690579609]]",True
lorentzian:0.8:0.0:0.0,lorentzian,0.8,0.0,0.0,0.05,0.14677992676220675,0.21544346900318823,"[[0.0, 0.14677992676220675]]",True
lorentzian:0.8:0.0:0.0,lorentzian,0.8,0.0,0.0,0.1,0.31622776601683794,0.46415888336127725,"[[0.0, 0.31622776601683794]]",True
lorentzian:0.8:0.0:0.0,lorentzian,0.8,0.0,0.0,0.2,0.46415888336127725,0.6812920690579608,"[[0.0, 0.46415888336127725]]",True
lorentzian:0.8:0.0:0.01,lorentzian,0.8,0.0,0.01,0.01,1.0,nan,"[[0.0, 1.0]]",True
lorentzian:0.8:0.0:0.01,lorentzian,0.8,0.0,0.01,0.05,1.0,nan,"[[0.0, 1.0]]",True
lorentzian:0.8:0.0:0.01,lorentzian,0.8,0.0,0.01,0.1,1.0,nan,"[[0.0, 1.0]]",True
lorentzian:0.8:0.0:0.01,lorentzian,0.8,0.0,0.01,0.2,1.0,nan,"[[0.0, 1.0]]",True
lorentzian:0.8:0.05:0.0,lorentzian,0.8,0.05,0.0,0.01,0.046415888336127774,0.06812920690579609,"[[0.0, 0.046415888336127774]]",True
lorentzian:0.8:0.05:0.0,lorentzian,0.8,0.05,0.0,0.05,0.14677992676220675,0.21544346900318823,"[[0.0, 0.14677992676220675]]",True
lorentzian:0.8:0.05:0.0,lorentzian,0.8,0.05,0.0,0.1,0.21544346900318823,0.31622776601683794,"[[0.0, 0.21544346900318823]]",True
lorentzian:0.8:0.05:0.0,lorentzian,0.8,0.05,0.0,0.2,0.31622776601683794,0.46415888336127725,"[[0.0, 0.31622776601683794]]",True
lorentzian:0.8:0.05:0.01,lorentzian,0.8,0.05,0.01,0.01,1.0,nan,"[[0.0, 1.0]]",True
lorentzian:0.8:0.05:0.01,lorentzian,0.8,0.05,0.01,0.05,1.0,nan,"[[0.0, 1.0]]",True
lorentzian:0.8:0.05:0.01,lorentzian,0.8,0.05,0.01,0.1,1.0,nan,"[[0.0, 1.0]]",True
lorentzian:0.8:0.05:0.01,lorentzian,0.8,0.05,0.01,0.2,1.0,nan,"[[0.0, 1.0]]",True
lorentzian:0.8:0.1:0.0,lorentzian,0.8,0.1,0.0,0.01,0.03162277660168379,0.046415888336127774,"[[0.0, 0.03162277660168379]]",True
lorentzian:0.8:0.1:0.0,lorentzian,0.8,0.1,0.0,0.05,0.1,0.14677992676220675,"[[0.0, 0.1]]",True
lorentzian:0.8:0.1:0.0,lorentzian,0.8,0.1,0.0,0.1,0.14677992676220675,0.21544346900318823,"[[0.0, 0.14677992676220675]]",True
lorentzian:0.8:0.1:0.0,lorentzian,0.8,0.1,0.0,0.2,0.21544346900318823,0.31622776601683794,"[[0.0, 0.21544346900318823]]",True
lorentzian:0.8:0.1:0.01,lorentzian,0.8,0.1,0.01,0.01,1.0,nan,"[[0.0, 1.0]]",True
lorentzian:0.8:0.1:0.01,lorentzian,0.8,0.1,0.01,0.05,1.0,nan,"[[0.0, 1.0]]",True
lorentzian:0.8:0.1:0.01,lorentzian,0.8,0.1,0.01,0.1,1.0,nan,"[[0.0, 1.0]]",True
lorentzian:0.8:0.1:0.01,lorentzian,0.8,0.1,0.01,0.2,1.0,nan,"[[0.0, 1.0]]",True
lorentzian:1.2:0.0:0.0,lorentzian,1.2,0.0,0.0,0.01,0.06812920690579609,0.1,"[[0.0, 0.06812920690579609]]",True
lorentzian:1.2:0.0:0.0,lorentzian,1.2,0.0,0.0,0.05,0.14677992676220675,0.21544346900318823,"[[0.0, 0.14677992676220675]]",True
lorentzian:1.2:0.0:0.0,lorentzian,1.2,0.0,0.0,0.1,0.21544346900318823,0.31622776601683794,"[[0.0, 0.21544346900318823]]",True
lorentzian:1.2:0.0:0.0,lorentzian,1.2,0.0,0.0,0.2,0.31622776601683794,0.46415888336127725,"[[0.0, 0.31622776601683794]]",True
lorentzian:1.2:0.0:0.01,lorentzian,1.2,0.0,0.01,0.01,1.0,nan,"[[0.0, 1.0]]",True
lorentzian:1.2:0.0:0.01,lorentzian,1.2,0.0,0.01,0.05,1.0,nan,"[[0.0, 1.0]]",True
lorentzian:1.2:0.0:0.01,lorentzian,1.2,0.0,0.01,0.1,1.0,nan,"[[0.0, 1.0]]",True
lorentzian:1.2:0.0:0.01,lorentzian,1.2,0.0,0.01,0.2,1.0,nan,"[[0.0, 1.0]]",True
lorentzian:1.2:0.05:0.0,lorentzian,1.2,0.05,0.0,0.01,0.06812920690579609,0.1,"[[0.0, 0.06812920690579609]]",True
lorentzian:1.2:0.05:0.0,lorentzian,1.2,0.05,0.0,0.05,0.14677992676220675,0.21544346900318823,"[[0.0, 0.14677992676220675]]",True
lorentzian:1.2:0.05:0.0,lorentzian,1.2,0.05,0.0,0.1,0.21544346900318823,0.31622776601683794,"[[0.0, 0.21544346900318823]]",True
lorentzian:1.2:0.05:0.0,lorentzian,1.2,0.05,0.0,0.2,0.31622776601683794,0.46415888336127725,"[[0.0, 0.31622776601683794]]",True
lorentzian:1.2:0.05:0.01,lorentzian,1.2,0.05,0.01,0.01,1.0,nan,"[[0.0, 1.0]]",True
lorentzian:1.2:0.05:0.01,lorentzian,1.2,0.05,0.01,0.05,1.0,nan,"[[0.0, 1.0]]",True
lorentzian:1.2:0.05:0.01,lorentzian,1.2,0.05,0.01,0.1,1.0,nan,"[[0.0, 1.0]]",True
lorentzian:1.2:0.05:0.01,lorentzian,1.2,0.05,0.01,0.2,1.0,nan,"[[0.0, 1.0]]",True
lorentzian:1.2:0.1:0.0,lorentzian,1.2,0.1,0.0,0.01,0.03162277660168379,0.046415888336127774,"[[0.0, 0.03162277660168379]]",True
lorentzian:1.2:0.1:0.0,lorentzian,1.2,0.1,0.0,0.05,0.1,0.14677992676220675,"[[0.0, 0.1]]",True
lorentzian:1.2:0.1:0.0,lorentzian,1.2,0.1,0.0,0.1,0.14677992676220675,0.21544346900318823,"[[0.0, 0.14677992676220675]]",True
lorentzian:1.2:0.1:0.0,lorentzian,1.2,0.1,0.0,0.2,0.21544346900318823,0.31622776601683794,"[[0.0, 0.21544346900318823]]",True
lorentzian:1.2:0.1:0.01,lorentzian,1.2,0.1,0.01,0.01,1.0,nan,"[[0.0, 1.0]]",True
lorentzian:1.2:0.1:0.01,lorentzian,1.2,0.1,0.01,0.05,1.0,nan,"[[0.0, 1.0]]",True
lorentzian:1.2:0.1:0.01,lorentzian,1.2,0.1,0.01,0.1,1.0,nan,"[[0.0, 1.0]]",True
lorentzian:1.2:0.1:0.01,lorentzian,1.2,0.1,0.01,0.2,1.0,nan,"[[0.0, 1.0]]",True
